Run,Assay Type,AvgSpotLen,Bases,BioProject,BioSample,Bytes,cell_line,Center Name,condition,Consent,DATASTORE filetype,DATASTORE provider,DATASTORE region,Experiment,GEO_Accession (exp),Instrument,Lane,LibraryLayout,LibrarySelection,LibrarySource,Organism,plate_position,Platform,ReleaseDate,create_date,version,sample_identity,Sample Name,source_name,SRA Study
SRR9659740,RNA-Seq,67,1943469,PRJNA553537,SAMN12237272,852045,MCF7,GEO,Norm,public,"fastq,run.zq,sra","gs,ncbi,s3","gs.us-east1,ncbi.public,s3.us-east-1",SRX6420719,GSM3933663,Illumina HiSeq 4000,1,SINGLE,cDNA,TRANSCRIPTOMIC,Homo sapiens,A1,ILLUMINA,2021-09-10T00:00:00Z,2019-07-09T13:55:00Z,1,S1,GSM3933663,MCF7,SRP213890
SRR9659741,RNA-Seq,73,71841406,PRJNA553537,SAMN12237271,27475816,MCF7,GEO,hypoxia,public,"fastq,run.zq,sra","gs,ncbi,s3","gs.us-east1,ncbi.public,s3.us-east-1",SRX6420720,GSM3933664,Illumina HiSeq 4000,1,SINGLE,cDNA,TRANSCRIPTOMIC,Homo sapiens,A10,ILLUMINA,2021-09-10T00:00:00Z,2019-07-09T13:55:00Z,1,S28,GSM3933664,MCF7,SRP213890
SRR9659742,RNA-Seq,71,281874,PRJNA553537,SAMN12237270,198847,MCF7,GEO,hypoxia,public,"fastq,run.zq,sra","gs,ncbi,s3","gs.us-east1,ncbi.public,s3.us-east-1",SRX6420721,GSM3933665,Illumina HiSeq 4000,1,SINGLE,cDNA,TRANSCRIPTOMIC,Homo sapiens,A11,ILLUMINA,2021-09-10T00:00:00Z,2019-07-09T13:55:00Z,1,S29,GSM3933665,MCF7,SRP213890
SRR9659743,RNA-Seq,74,155041603,PRJNA553537,SAMN12237269,59754038,MCF7,GEO,hypoxia,public,"fastq,run.zq,sra","gs,ncbi,s3","gs.us-east1,ncbi.public,s3.us-east-1",SRX6420722,GSM3933666,Illumina HiSeq 4000,1,SINGLE,cDNA,TRANSCRIPTOMIC,Homo sapiens,A12,ILLUMINA,2021-09-10T00:00:00Z,2019-07-09T13:56:00Z,1,S30,GSM3933666,MCF7,SRP213890
SRR9659744,RNA-Seq,73,25186929,PRJNA553537,SAMN12237268,9673780,MCF7,GEO,Norm,public,"fastq,run.zq,sra","gs,ncbi,s3","gs.us-east1,ncbi.public,s3.us-east-1",SRX6420976,GSM3933667,Illumina HiSeq 4000,1,SINGLE,cDNA,TRANSCRIPTOMIC,Homo sapiens,A2,ILLUMINA,2021-09-10T00:00:00Z,2019-07-09T13:55:00Z,1,S2,GSM3933667,MCF7,SRP213890
SRR9659745,RNA-Seq,74,97978230,PRJNA553537,SAMN12237267,37638697,MCF7,GEO,Norm,public,"fastq,run.zq,sra","gs,ncbi,s3","gs.us-east1,ncbi.public,s3.us-east-1",SRX6420977,GSM3933668,Illumina HiSeq 4000,1,SINGLE,cDNA,TRANSCRIPTOMIC,Homo sapiens,A3,ILLUMINA,2021-09-10T00:00:00Z,2019-07-09T13:56:00Z,1,S3,GSM3933668,MCF7,SRP213890
SRR9659746,RNA-Seq,74,134543084,PRJNA553537,SAMN12237266,51803182,MCF7,GEO,Norm,public,"fastq,run.zq,sra","gs,ncbi,s3","gs.us-east1,ncbi.public,s3.us-east-1",SRX6420978,GSM3933669,Illumina HiSeq 4000,1,SINGLE,cDNA,TRANSCRIPTOMIC,Homo sapiens,A4,ILLUMINA,2021-09-10T00:00:00Z,2019-07-09T13:56:00Z,1,S4,GSM3933669,MCF7,SRP213890
SRR9659747,RNA-Seq,74,110954206,PRJNA553537,SAMN12237265,42785927,MCF7,GEO,Norm,public,"fastq,run.zq,sra","gs,ncbi,s3","gs.us-east1,ncbi.public,s3.us-east-1",SRX6420979,GSM3933670,Illumina HiSeq 4000,1,SINGLE,cDNA,TRANSCRIPTOMIC,Homo sapiens,A5,ILLUMINA,2021-09-10T00:00:00Z,2019-07-09T13:56:00Z,1,S5,GSM3933670,MCF7,SRP213890
SRR9659748,RNA-Seq,74,121496815,PRJNA553537,SAMN12237264,46992506,MCF7,GEO,Norm,public,"fastq,run.zq,sra","gs,ncbi,s3","gs.us-east1,ncbi.public,s3.us-east-1",SRX6420980,GSM3933671,Illumina HiSeq 4000,1,SINGLE,cDNA,TRANSCRIPTOMIC,Homo sapiens,A6,ILLUMINA,2021-09-10T00:00:00Z,2019-07-09T13:56:00Z,1,S6,GSM3933671,MCF7,SRP213890
SRR9659749,RNA-Seq,70,3818720,PRJNA553537,SAMN12237263,1571069,MCF7,GEO,hypoxia,public,"fastq,run.zq,sra","gs,ncbi,s3","gs.us-east1,ncbi.public,s3.us-east-1",SRX6420981,GSM3933672,Illumina HiSeq 4000,1,SINGLE,cDNA,TRANSCRIPTOMIC,Homo sapiens,A7,ILLUMINA,2021-09-10T00:00:00Z,2019-07-09T13:55:00Z,1,S25,GSM3933672,MCF7,SRP213890
SRR9659750,RNA-Seq,74,114610663,PRJNA553537,SAMN12237211,44380606,MCF7,GEO,hypoxia,public,"fastq,run.zq,sra","gs,ncbi,s3","gs.us-east1,ncbi.public,s3.us-east-1",SRX6420933,GSM3933913,Illumina HiSeq 4000,3,SINGLE,cDNA,TRANSCRIPTOMIC,Homo sapiens,E8,ILLUMINA,2021-09-10T00:00:00Z,2019-07-09T13:56:00Z,1,S230,GSM3933913,MCF7,SRP213890
SRR9659751,RNA-Seq,74,74615972,PRJNA553537,SAMN12237210,28801269,MCF7,GEO,hypoxia,public,"fastq,run.zq,sra","gs,ncbi,s3","gs.us-east1,ncbi.public,s3.us-east-1",SRX6420934,GSM3933914,Illumina HiSeq 4000,3,SINGLE,cDNA,TRANSCRIPTOMIC,Homo sapiens,E9,ILLUMINA,2021-09-10T00:00:00Z,2019-07-09T13:56:00Z,1,S231,GSM3933914,MCF7,SRP213890
SRR9659752,RNA-Seq,74,100406146,PRJNA553537,SAMN12237209,38742021,MCF7,GEO,Norm,public,"fastq,run.zq,sra","gs,ncbi,s3","gs.us-east1,ncbi.public,s3.us-east-1",SRX6420935,GSM3933915,Illumina HiSeq 4000,3,SINGLE,cDNA,TRANSCRIPTOMIC,Homo sapiens,F1,ILLUMINA,2021-09-10T00:00:00Z,2019-07-09T13:56:00Z,1,S253,GSM3933915,MCF7,SRP213890
SRR9659753,RNA-Seq,74,103721374,PRJNA553537,SAMN12237208,40233442,MCF7,GEO,hypoxia,public,"fastq,run.zq,sra","gs,ncbi,s3","gs.us-east1,ncbi.public,s3.us-east-1",SRX6420936,GSM3933916,Illumina HiSeq 4000,3,SINGLE,cDNA,TRANSCRIPTOMIC,Homo sapiens,F10,ILLUMINA,2021-09-10T00:00:00Z,2019-07-09T13:56:00Z,1,S280,GSM3933916,MCF7,SRP213890
SRR9659754,RNA-Seq,73,55069527,PRJNA553537,SAMN12237207,21006971,MCF7,GEO,hypoxia,public,"fastq,run.zq,sra","gs,ncbi,s3","gs.us-east1,ncbi.public,s3.us-east-1",SRX6420937,GSM3933917,Illumina HiSeq 4000,3,SINGLE,cDNA,TRANSCRIPTOMIC,Homo sapiens,F11,ILLUMINA,2021-09-10T00:00:00Z,2019-07-09T13:56:00Z,1,S281,GSM3933917,MCF7,SRP213890
SRR9659755,RNA-Seq,74,93969110,PRJNA553537,SAMN12237206,36381031,MCF7,GEO,hypoxia,public,"fastq,run.zq,sra","gs,ncbi,s3","gs.us-east1,ncbi.public,s3.us-east-1",SRX6420938,GSM3933918,Illumina HiSeq 4000,3,SINGLE,cDNA,TRANSCRIPTOMIC,Homo sapiens,F12,ILLUMINA,2021-09-10T00:00:00Z,2019-07-09T13:56:00Z,1,S282,GSM3933918,MCF7,SRP213890
SRR9659756,RNA-Seq,74,126097103,PRJNA553537,SAMN12237205,48525746,MCF7,GEO,Norm,public,"fastq,run.zq,sra","gs,ncbi,s3","gs.us-east1,ncbi.public,s3.us-east-1",SRX6420939,GSM3933919,Illumina HiSeq 4000,3,SINGLE,cDNA,TRANSCRIPTOMIC,Homo sapiens,F2,ILLUMINA,2021-09-10T00:00:00Z,2019-07-09T13:56:00Z,1,S254,GSM3933919,MCF7,SRP213890
SRR9659757,RNA-Seq,74,115365149,PRJNA553537,SAMN12237204,44283599,MCF7,GEO,Norm,public,"fastq,run.zq,sra","gs,ncbi,s3","gs.us-east1,ncbi.public,s3.us-east-1",SRX6420940,GSM3933920,Illumina HiSeq 4000,3,SINGLE,cDNA,TRANSCRIPTOMIC,Homo sapiens,F3,ILLUMINA,2021-09-10T00:00:00Z,2019-07-09T13:56:00Z,1,S255,GSM3933920,MCF7,SRP213890
SRR9659758,RNA-Seq,74,124942035,PRJNA553537,SAMN12237203,48077841,MCF7,GEO,Norm,public,"fastq,run.zq,sra","gs,ncbi,s3","gs.us-east1,ncbi.public,s3.us-east-1",SRX6420941,GSM3933921,Illumina HiSeq 4000,3,SINGLE,cDNA,TRANSCRIPTOMIC,Homo sapiens,F4,ILLUMINA,2021-09-10T00:00:00Z,2019-07-09T13:56:00Z,1,S256,GSM3933921,MCF7,SRP213890
SRR9659759,RNA-Seq,74,102461542,PRJNA553537,SAMN12237202,39645813,MCF7,GEO,Norm,public,"fastq,run.zq,sra","gs,ncbi,s3","gs.us-east1,ncbi.public,s3.us-east-1",SRX6420943,GSM3933922,Illumina HiSeq 4000,3,SINGLE,cDNA,TRANSCRIPTOMIC,Homo sapiens,F5,ILLUMINA,2021-09-10T00:00:00Z,2019-07-09T13:56:00Z,1,S257,GSM3933922,MCF7,SRP213890
SRR9659760,RNA-Seq,74,120092993,PRJNA553537,SAMN12237201,46264561,MCF7,GEO,Norm,public,"fastq,run.zq,sra","gs,ncbi,s3","gs.us-east1,ncbi.public,s3.us-east-1",SRX6420944,GSM3933923,Illumina HiSeq 4000,3,SINGLE,cDNA,TRANSCRIPTOMIC,Homo sapiens,F6,ILLUMINA,2021-09-10T00:00:00Z,2019-07-09T13:56:00Z,1,S258,GSM3933923,MCF7,SRP213890
SRR9659761,RNA-Seq,74,99420897,PRJNA553537,SAMN12237200,38402695,MCF7,GEO,hypoxia,public,"fastq,run.zq,sra","gs,ncbi,s3","gs.us-east1,ncbi.public,s3.us-east-1",SRX6420945,GSM3933924,Illumina HiSeq 4000,3,SINGLE,cDNA,TRANSCRIPTOMIC,Homo sapiens,F7,ILLUMINA,2021-09-10T00:00:00Z,2019-07-09T13:56:00Z,1,S277,GSM3933924,MCF7,SRP213890
SRR9659762,RNA-Seq,74,117439394,PRJNA553537,SAMN12237199,45572058,MCF7,GEO,hypoxia,public,"fastq,run.zq,sra","gs,ncbi,s3","gs.us-east1,ncbi.public,s3.us-east-1",SRX6420946,GSM3933925,Illumina HiSeq 4000,3,SINGLE,cDNA,TRANSCRIPTOMIC,Homo sapiens,F8,ILLUMINA,2021-09-10T00:00:00Z,2019-07-09T13:56:00Z,1,S278,GSM3933925,MCF7,SRP213890
SRR9659763,RNA-Seq,74,92402828,PRJNA553537,SAMN12237198,36184916,MCF7,GEO,hypoxia,public,"fastq,run.zq,sra","gs,ncbi,s3","gs.us-east1,ncbi.public,s3.us-east-1",SRX6420947,GSM3933926,Illumina HiSeq 4000,3,SINGLE,cDNA,TRANSCRIPTOMIC,Homo sapiens,F9,ILLUMINA,2021-09-10T00:00:00Z,2019-07-09T13:56:00Z,1,S279,GSM3933926,MCF7,SRP213890
SRR9659764,RNA-Seq,74,137765940,PRJNA553537,SAMN12237197,53007611,MCF7,GEO,Norm,public,"fastq,run.zq,sra","gs,ncbi,s3","gs.us-east1,ncbi.public,s3.us-east-1",SRX6420948,GSM3933927,Illumina HiSeq 4000,3,SINGLE,cDNA,TRANSCRIPTOMIC,Homo sapiens,G1,ILLUMINA,2021-09-10T00:00:00Z,2019-07-09T13:56:00Z,1,S301,GSM3933927,MCF7,SRP213890
SRR9659765,RNA-Seq,74,110405321,PRJNA553537,SAMN12237196,42518947,MCF7,GEO,hypoxia,public,"fastq,run.zq,sra","gs,ncbi,s3","gs.us-east1,ncbi.public,s3.us-east-1",SRX6420949,GSM3933928,Illumina HiSeq 4000,3,SINGLE,cDNA,TRANSCRIPTOMIC,Homo sapiens,G10,ILLUMINA,2021-09-10T00:00:00Z,2019-07-09T13:56:00Z,1,S328,GSM3933928,MCF7,SRP213890
SRR9659766,RNA-Seq,74,45034339,PRJNA553537,SAMN12237195,17314393,MCF7,GEO,hypoxia,public,"fastq,run.zq,sra","gs,ncbi,s3","gs.us-east1,ncbi.public,s3.us-east-1",SRX6420950,GSM3933929,Illumina HiSeq 4000,3,SINGLE,cDNA,TRANSCRIPTOMIC,Homo sapiens,G11,ILLUMINA,2021-09-10T00:00:00Z,2019-07-09T13:56:00Z,1,S329,GSM3933929,MCF7,SRP213890
SRR9659767,RNA-Seq,74,78512790,PRJNA553537,SAMN12237194,30056567,MCF7,GEO,hypoxia,public,"fastq,run.zq,sra","gs,ncbi,s3","gs.us-east1,ncbi.public,s3.us-east-1",SRX6420951,GSM3933930,Illumina HiSeq 4000,3,SINGLE,cDNA,TRANSCRIPTOMIC,Homo sapiens,G12,ILLUMINA,2021-09-10T00:00:00Z,2019-07-09T13:56:00Z,1,S330,GSM3933930,MCF7,SRP213890
SRR9659768,RNA-Seq,74,105096741,PRJNA553537,SAMN12237193,40472038,MCF7,GEO,Norm,public,"fastq,run.zq,sra","gs,ncbi,s3","gs.us-east1,ncbi.public,s3.us-east-1",SRX6420952,GSM3933931,Illumina HiSeq 4000,3,SINGLE,cDNA,TRANSCRIPTOMIC,Homo sapiens,G2,ILLUMINA,2021-09-10T00:00:00Z,2019-07-09T13:56:00Z,1,S302,GSM3933931,MCF7,SRP213890
SRR9659769,RNA-Seq,73,99850427,PRJNA553537,SAMN12237192,38093529,MCF7,GEO,Norm,public,"fastq,run.zq,sra","gs,ncbi,s3","gs.us-east1,ncbi.public,s3.us-east-1",SRX6420953,GSM3933932,Illumina HiSeq 4000,3,SINGLE,cDNA,TRANSCRIPTOMIC,Homo sapiens,G3,ILLUMINA,2021-09-10T00:00:00Z,2019-07-09T13:57:00Z,1,S303,GSM3933932,MCF7,SRP213890
SRR9659770,RNA-Seq,74,130549857,PRJNA553537,SAMN12237191,50145565,MCF7,GEO,Norm,public,"fastq,run.zq,sra","gs,ncbi,s3","gs.us-east1,ncbi.public,s3.us-east-1",SRX6420954,GSM3933933,Illumina HiSeq 4000,3,SINGLE,cDNA,TRANSCRIPTOMIC,Homo sapiens,G4,ILLUMINA,2021-09-10T00:00:00Z,2019-07-09T13:57:00Z,1,S304,GSM3933933,MCF7,SRP213890
SRR9659771,RNA-Seq,74,100546817,PRJNA553537,SAMN12237190,38817714,MCF7,GEO,Norm,public,"fastq,run.zq,sra","gs,ncbi,s3","gs.us-east1,ncbi.public,s3.us-east-1",SRX6420955,GSM3933934,Illumina HiSeq 4000,3,SINGLE,cDNA,TRANSCRIPTOMIC,Homo sapiens,G5,ILLUMINA,2021-09-10T00:00:00Z,2019-07-09T13:57:00Z,1,S305,GSM3933934,MCF7,SRP213890
SRR9659772,RNA-Seq,74,89902931,PRJNA553537,SAMN12237233,34674798,MCF7,GEO,Norm,public,"fastq,run.zq,sra","gs,ncbi,s3","gs.us-east1,ncbi.public,s3.us-east-1",SRX6420956,GSM3933935,Illumina HiSeq 4000,3,SINGLE,cDNA,TRANSCRIPTOMIC,Homo sapiens,G6,ILLUMINA,2021-09-10T00:00:00Z,2019-07-09T13:57:00Z,1,S306,GSM3933935,MCF7,SRP213890
SRR9659773,RNA-Seq,74,81003120,PRJNA553537,SAMN12237232,31112808,MCF7,GEO,hypoxia,public,"fastq,run.zq,sra","gs,ncbi,s3","gs.us-east1,ncbi.public,s3.us-east-1",SRX6420957,GSM3933936,Illumina HiSeq 4000,3,SINGLE,cDNA,TRANSCRIPTOMIC,Homo sapiens,G7,ILLUMINA,2021-09-10T00:00:00Z,2019-07-09T13:57:00Z,1,S325,GSM3933936,MCF7,SRP213890
SRR9659774,RNA-Seq,74,78338367,PRJNA553537,SAMN12237231,29968426,MCF7,GEO,hypoxia,public,"fastq,run.zq,sra","gs,ncbi,s3","gs.us-east1,ncbi.public,s3.us-east-1",SRX6420958,GSM3933937,Illumina HiSeq 4000,3,SINGLE,cDNA,TRANSCRIPTOMIC,Homo sapiens,G8,ILLUMINA,2021-09-10T00:00:00Z,2019-07-09T13:57:00Z,1,S326,GSM3933937,MCF7,SRP213890
SRR9659775,RNA-Seq,74,46477134,PRJNA553537,SAMN12237230,17850804,MCF7,GEO,hypoxia,public,"fastq,run.zq,sra","gs,ncbi,s3","gs.us-east1,ncbi.public,s3.us-east-1",SRX6420959,GSM3933938,Illumina HiSeq 4000,3,SINGLE,cDNA,TRANSCRIPTOMIC,Homo sapiens,G9,ILLUMINA,2021-09-10T00:00:00Z,2019-07-09T13:57:00Z,1,S327,GSM3933938,MCF7,SRP213890
SRR9659776,RNA-Seq,74,67721815,PRJNA553537,SAMN12237229,26146869,MCF7,GEO,Norm,public,"fastq,run.zq,sra","gs,ncbi,s3","gs.us-east1,ncbi.public,s3.us-east-1",SRX6420960,GSM3933939,Illumina HiSeq 4000,3,SINGLE,cDNA,TRANSCRIPTOMIC,Homo sapiens,H1,ILLUMINA,2021-09-10T00:00:00Z,2019-07-09T13:57:00Z,1,S349,GSM3933939,MCF7,SRP213890
SRR9659777,RNA-Seq,74,138450978,PRJNA553537,SAMN12237228,53415569,MCF7,GEO,hypoxia,public,"fastq,run.zq,sra","gs,ncbi,s3","gs.us-east1,ncbi.public,s3.us-east-1",SRX6420961,GSM3933940,Illumina HiSeq 4000,3,SINGLE,cDNA,TRANSCRIPTOMIC,Homo sapiens,H10,ILLUMINA,2021-09-10T00:00:00Z,2019-07-09T13:57:00Z,1,S376,GSM3933940,MCF7,SRP213890
SRR9659778,RNA-Seq,74,92295995,PRJNA553537,SAMN12237227,35723383,MCF7,GEO,hypoxia,public,"fastq,run.zq,sra","gs,ncbi,s3","gs.us-east1,ncbi.public,s3.us-east-1",SRX6420962,GSM3933941,Illumina HiSeq 4000,3,SINGLE,cDNA,TRANSCRIPTOMIC,Homo sapiens,H12,ILLUMINA,2021-09-10T00:00:00Z,2019-07-09T13:57:00Z,1,S378,GSM3933941,MCF7,SRP213890
SRR9659779,RNA-Seq,74,39709190,PRJNA553537,SAMN12237226,15276695,MCF7,GEO,hypoxia,public,"fastq,run.zq,sra","gs,ncbi,s3","gs.us-east1,ncbi.public,s3.us-east-1",SRX6420963,GSM3933942,Illumina HiSeq 4000,3,SINGLE,cDNA,TRANSCRIPTOMIC,Homo sapiens,H13,ILLUMINA,2021-09-10T00:00:00Z,2019-07-09T13:57:00Z,1,S377,GSM3933942,MCF7,SRP213890
SRR9659780,RNA-Seq,74,65805517,PRJNA553537,SAMN12237225,25492465,MCF7,GEO,Norm,public,"fastq,run.zq,sra","gs,ncbi,s3","gs.us-east1,ncbi.public,s3.us-east-1",SRX6420964,GSM3933943,Illumina HiSeq 4000,3,SINGLE,cDNA,TRANSCRIPTOMIC,Homo sapiens,H2,ILLUMINA,2021-09-10T00:00:00Z,2019-07-09T13:57:00Z,1,S350,GSM3933943,MCF7,SRP213890
SRR9659781,RNA-Seq,74,22817243,PRJNA553537,SAMN12237224,8808820,MCF7,GEO,Norm,public,"fastq,run.zq,sra","gs,ncbi,s3","gs.us-east1,ncbi.public,s3.us-east-1",SRX6420965,GSM3933944,Illumina HiSeq 4000,3,SINGLE,cDNA,TRANSCRIPTOMIC,Homo sapiens,H3,ILLUMINA,2021-09-10T00:00:00Z,2019-07-09T13:57:00Z,1,S351,GSM3933944,MCF7,SRP213890
SRR9659782,RNA-Seq,74,22580001,PRJNA553537,SAMN12237146,8782254,MCF7,GEO,Norm,public,"fastq,run.zq,sra","gs,ncbi,s3","gs.us-east1,ncbi.public,s3.us-east-1",SRX6420966,GSM3933945,Illumina HiSeq 4000,3,SINGLE,cDNA,TRANSCRIPTOMIC,Homo sapiens,H4,ILLUMINA,2021-09-10T00:00:00Z,2019-07-09T13:57:00Z,1,S352,GSM3933945,MCF7,SRP213890
SRR9659783,RNA-Seq,74,67177340,PRJNA553537,SAMN12237145,26069804,MCF7,GEO,Norm,public,"fastq,run.zq,sra","gs,ncbi,s3","gs.us-east1,ncbi.public,s3.us-east-1",SRX6420967,GSM3933946,Illumina HiSeq 4000,3,SINGLE,cDNA,TRANSCRIPTOMIC,Homo sapiens,H5,ILLUMINA,2021-09-10T00:00:00Z,2019-07-09T13:57:00Z,1,S353,GSM3933946,MCF7,SRP213890
SRR9659784,RNA-Seq,74,50330668,PRJNA553537,SAMN12237144,19442367,MCF7,GEO,Norm,public,"fastq,run.zq,sra","gs,ncbi,s3","gs.us-east1,ncbi.public,s3.us-east-1",SRX6420968,GSM3933947,Illumina HiSeq 4000,3,SINGLE,cDNA,TRANSCRIPTOMIC,Homo sapiens,H6,ILLUMINA,2021-09-10T00:00:00Z,2019-07-09T13:57:00Z,1,S354,GSM3933947,MCF7,SRP213890
SRR9659785,RNA-Seq,69,704937,PRJNA553537,SAMN12237143,367187,MCF7,GEO,hypoxia,public,"fastq,run.zq,sra","gs,ncbi,s3","gs.us-east1,ncbi.public,s3.us-east-1",SRX6420969,GSM3933948,Illumina HiSeq 4000,3,SINGLE,cDNA,TRANSCRIPTOMIC,Homo sapiens,H7,ILLUMINA,2021-09-10T00:00:00Z,2019-07-09T13:57:00Z,1,S373,GSM3933948,MCF7,SRP213890
SRR9659786,RNA-Seq,74,110648893,PRJNA553537,SAMN12237142,42990213,MCF7,GEO,hypoxia,public,"fastq,run.zq,sra","gs,ncbi,s3","gs.us-east1,ncbi.public,s3.us-east-1",SRX6420970,GSM3933949,Illumina HiSeq 4000,3,SINGLE,cDNA,TRANSCRIPTOMIC,Homo sapiens,H8,ILLUMINA,2021-09-10T00:00:00Z,2019-07-09T13:57:00Z,1,S374,GSM3933949,MCF7,SRP213890
SRR9659787,RNA-Seq,74,125038469,PRJNA553537,SAMN12237141,47949126,MCF7,GEO,hypoxia,public,"fastq,run.zq,sra","gs,ncbi,s3","gs.us-east1,ncbi.public,s3.us-east-1",SRX6420971,GSM3933950,Illumina HiSeq 4000,3,SINGLE,cDNA,TRANSCRIPTOMIC,Homo sapiens,H9,ILLUMINA,2021-09-10T00:00:00Z,2019-07-09T13:57:00Z,1,S375,GSM3933950,MCF7,SRP213890
SRR9659788,RNA-Seq,74,86890314,PRJNA553537,SAMN12237140,33509871,MCF7,GEO,Norm,public,"fastq,run.zq,sra","gs,ncbi,s3","gs.us-east1,ncbi.public,s3.us-east-1",SRX6420972,GSM3933951,Illumina HiSeq 4000,4,SINGLE,cDNA,TRANSCRIPTOMIC,Homo sapiens,A1,ILLUMINA,2021-09-10T00:00:00Z,2019-07-09T13:57:00Z,1,S19,GSM3933951,MCF7,SRP213890
SRR9659789,RNA-Seq,74,79551925,PRJNA553537,SAMN12237139,30786976,MCF7,GEO,hypoxia,public,"fastq,run.zq,sra","gs,ncbi,s3","gs.us-east1,ncbi.public,s3.us-east-1",SRX6420973,GSM3933952,Illumina HiSeq 4000,4,SINGLE,cDNA,TRANSCRIPTOMIC,Homo sapiens,A10,ILLUMINA,2021-09-10T00:00:00Z,2019-07-09T13:57:00Z,1,S46,GSM3933952,MCF7,SRP213890
SRR9659790,RNA-Seq,74,82151786,PRJNA553537,SAMN12237138,31795428,MCF7,GEO,hypoxia,public,"fastq,run.zq,sra","gs,ncbi,s3","gs.us-east1,ncbi.public,s3.us-east-1",SRX6420974,GSM3933953,Illumina HiSeq 4000,4,SINGLE,cDNA,TRANSCRIPTOMIC,Homo sapiens,A11,ILLUMINA,2021-09-10T00:00:00Z,2019-07-09T13:57:00Z,1,S47,GSM3933953,MCF7,SRP213890
SRR9659791,RNA-Seq,73,27519199,PRJNA553537,SAMN12237137,10625275,MCF7,GEO,hypoxia,public,"fastq,run.zq,sra","gs,ncbi,s3","gs.us-east1,ncbi.public,s3.us-east-1",SRX6420975,GSM3933954,Illumina HiSeq 4000,4,SINGLE,cDNA,TRANSCRIPTOMIC,Homo sapiens,A12,ILLUMINA,2021-09-10T00:00:00Z,2019-07-09T13:57:00Z,1,S48,GSM3933954,MCF7,SRP213890
SRR9659792,RNA-Seq,74,113827773,PRJNA553537,SAMN12237136,43762027,MCF7,GEO,Norm,public,"fastq,run.zq,sra","gs,ncbi,s3","gs.us-east1,ncbi.public,s3.us-east-1",SRX6421008,GSM3933955,Illumina HiSeq 4000,4,SINGLE,cDNA,TRANSCRIPTOMIC,Homo sapiens,A2,ILLUMINA,2021-09-10T00:00:00Z,2019-07-09T13:57:00Z,1,S20,GSM3933955,MCF7,SRP213890
SRR9659793,RNA-Seq,74,112198906,PRJNA553537,SAMN12237135,43106379,MCF7,GEO,Norm,public,"fastq,run.zq,sra","gs,ncbi,s3","gs.us-east1,ncbi.public,s3.us-east-1",SRX6421009,GSM3933956,Illumina HiSeq 4000,4,SINGLE,cDNA,TRANSCRIPTOMIC,Homo sapiens,A3,ILLUMINA,2021-09-10T00:00:00Z,2019-07-09T13:57:00Z,1,S21,GSM3933956,MCF7,SRP213890
SRR9659794,RNA-Seq,74,91773139,PRJNA553537,SAMN12237134,35326069,MCF7,GEO,Norm,public,"fastq,run.zq,sra","gs,ncbi,s3","gs.us-east1,ncbi.public,s3.us-east-1",SRX6421010,GSM3933957,Illumina HiSeq 4000,4,SINGLE,cDNA,TRANSCRIPTOMIC,Homo sapiens,A4,ILLUMINA,2021-09-10T00:00:00Z,2019-07-09T13:57:00Z,1,S22,GSM3933957,MCF7,SRP213890
SRR9659795,RNA-Seq,74,14796092,PRJNA553537,SAMN12237133,5880046,MCF7,GEO,Norm,public,"fastq,run.zq,sra","gs,ncbi,s3","gs.us-east1,ncbi.public,s3.us-east-1",SRX6421011,GSM3933958,Illumina HiSeq 4000,4,SINGLE,cDNA,TRANSCRIPTOMIC,Homo sapiens,A5,ILLUMINA,2021-09-10T00:00:00Z,2019-07-09T13:57:00Z,1,S23,GSM3933958,MCF7,SRP213890
SRR9659796,RNA-Seq,74,64008097,PRJNA553537,SAMN12237132,24666531,MCF7,GEO,Norm,public,"fastq,run.zq,sra","gs,ncbi,s3","gs.us-east1,ncbi.public,s3.us-east-1",SRX6421012,GSM3933959,Illumina HiSeq 4000,4,SINGLE,cDNA,TRANSCRIPTOMIC,Homo sapiens,A6,ILLUMINA,2021-09-10T00:00:00Z,2019-07-09T13:57:00Z,1,S24,GSM3933959,MCF7,SRP213890
SRR9659797,RNA-Seq,74,93061808,PRJNA553537,SAMN12237127,35873920,MCF7,GEO,hypoxia,public,"fastq,run.zq,sra","gs,ncbi,s3","gs.us-east1,ncbi.public,s3.us-east-1",SRX6421013,GSM3933960,Illumina HiSeq 4000,4,SINGLE,cDNA,TRANSCRIPTOMIC,Homo sapiens,A7,ILLUMINA,2021-09-10T00:00:00Z,2019-07-09T13:57:00Z,1,S43,GSM3933960,MCF7,SRP213890
SRR9659798,RNA-Seq,74,94420699,PRJNA553537,SAMN12237126,36366997,MCF7,GEO,hypoxia,public,"fastq,run.zq,sra","gs,ncbi,s3","gs.us-east1,ncbi.public,s3.us-east-1",SRX6421014,GSM3933961,Illumina HiSeq 4000,4,SINGLE,cDNA,TRANSCRIPTOMIC,Homo sapiens,A8,ILLUMINA,2021-09-10T00:00:00Z,2019-07-09T13:57:00Z,1,S44,GSM3933961,MCF7,SRP213890
SRR9659799,RNA-Seq,74,99205980,PRJNA553537,SAMN12237125,38259671,MCF7,GEO,hypoxia,public,"fastq,run.zq,sra","gs,ncbi,s3","gs.us-east1,ncbi.public,s3.us-east-1",SRX6421015,GSM3933962,Illumina HiSeq 4000,4,SINGLE,cDNA,TRANSCRIPTOMIC,Homo sapiens,A9,ILLUMINA,2021-09-10T00:00:00Z,2019-07-09T13:57:00Z,1,S45,GSM3933962,MCF7,SRP213890
SRR9659800,RNA-Seq,74,104483954,PRJNA553537,SAMN12237131,40369974,MCF7,GEO,Norm,public,"fastq,run.zq,sra","gs,ncbi,s3","gs.us-east1,ncbi.public,s3.us-east-1",SRX6421016,GSM3933963,Illumina HiSeq 4000,4,SINGLE,cDNA,TRANSCRIPTOMIC,Homo sapiens,B1,ILLUMINA,2021-09-10T00:00:00Z,2019-07-09T13:57:00Z,1,S67,GSM3933963,MCF7,SRP213890
SRR9659801,RNA-Seq,74,67915017,PRJNA553537,SAMN12237130,26300905,MCF7,GEO,hypoxia,public,"fastq,run.zq,sra","gs,ncbi,s3","gs.us-east1,ncbi.public,s3.us-east-1",SRX6421017,GSM3933964,Illumina HiSeq 4000,4,SINGLE,cDNA,TRANSCRIPTOMIC,Homo sapiens,B10,ILLUMINA,2021-09-10T00:00:00Z,2019-07-09T13:57:00Z,1,S94,GSM3933964,MCF7,SRP213890
SRR9659802,RNA-Seq,74,59763076,PRJNA553537,SAMN12237129,23354654,MCF7,GEO,hypoxia,public,"fastq,run.zq,sra","gs,ncbi,s3","gs.us-east1,ncbi.public,s3.us-east-1",SRX6421018,GSM3933965,Illumina HiSeq 4000,4,SINGLE,cDNA,TRANSCRIPTOMIC,Homo sapiens,B11,ILLUMINA,2021-09-10T00:00:00Z,2019-07-09T13:57:00Z,1,S95,GSM3933965,MCF7,SRP213890
SRR9659803,RNA-Seq,74,55884043,PRJNA553537,SAMN12237128,21474633,MCF7,GEO,hypoxia,public,"fastq,run.zq,sra","gs,ncbi,s3","gs.us-east1,ncbi.public,s3.us-east-1",SRX6421019,GSM3933966,Illumina HiSeq 4000,4,SINGLE,cDNA,TRANSCRIPTOMIC,Homo sapiens,B12,ILLUMINA,2021-09-10T00:00:00Z,2019-07-09T13:57:00Z,1,S96,GSM3933966,MCF7,SRP213890
SRR9659804,RNA-Seq,74,105709640,PRJNA553537,SAMN12237124,40778129,MCF7,GEO,Norm,public,"fastq,run.zq,sra","gs,ncbi,s3","gs.us-east1,ncbi.public,s3.us-east-1",SRX6421020,GSM3933967,Illumina HiSeq 4000,4,SINGLE,cDNA,TRANSCRIPTOMIC,Homo sapiens,B2,ILLUMINA,2021-09-10T00:00:00Z,2019-07-09T13:57:00Z,1,S68,GSM3933967,MCF7,SRP213890
SRR9659805,RNA-Seq,74,98574146,PRJNA553537,SAMN12237123,38058240,MCF7,GEO,Norm,public,"fastq,run.zq,sra","gs,ncbi,s3","gs.us-east1,ncbi.public,s3.us-east-1",SRX6421021,GSM3933968,Illumina HiSeq 4000,4,SINGLE,cDNA,TRANSCRIPTOMIC,Homo sapiens,B3,ILLUMINA,2021-09-10T00:00:00Z,2019-07-09T13:57:00Z,1,S69,GSM3933968,MCF7,SRP213890
SRR9659806,RNA-Seq,74,106263827,PRJNA553537,SAMN12237122,41019966,MCF7,GEO,Norm,public,"fastq,run.zq,sra","gs,ncbi,s3","gs.us-east1,ncbi.public,s3.us-east-1",SRX6421022,GSM3933969,Illumina HiSeq 4000,4,SINGLE,cDNA,TRANSCRIPTOMIC,Homo sapiens,B4,ILLUMINA,2021-09-10T00:00:00Z,2019-07-09T13:57:00Z,1,S70,GSM3933969,MCF7,SRP213890
SRR9659807,RNA-Seq,74,124746886,PRJNA553537,SAMN12237121,48086294,MCF7,GEO,Norm,public,"fastq,run.zq,sra","gs,ncbi,s3","gs.us-east1,ncbi.public,s3.us-east-1",SRX6421023,GSM3933970,Illumina HiSeq 4000,4,SINGLE,cDNA,TRANSCRIPTOMIC,Homo sapiens,B5,ILLUMINA,2021-09-10T00:00:00Z,2019-07-09T13:58:00Z,1,S71,GSM3933970,MCF7,SRP213890
SRR9659808,RNA-Seq,74,83371053,PRJNA553537,SAMN12237168,32127716,MCF7,GEO,Norm,public,"fastq,run.zq,sra","gs,ncbi,s3","gs.us-east1,ncbi.public,s3.us-east-1",SRX6421024,GSM3933971,Illumina HiSeq 4000,4,SINGLE,cDNA,TRANSCRIPTOMIC,Homo sapiens,B6,ILLUMINA,2021-09-10T00:00:00Z,2019-07-09T13:57:00Z,1,S72,GSM3933971,MCF7,SRP213890
SRR9659809,RNA-Seq,74,99579699,PRJNA553537,SAMN12237167,38436416,MCF7,GEO,hypoxia,public,"fastq,run.zq,sra","gs,ncbi,s3","gs.us-east1,ncbi.public,s3.us-east-1",SRX6421025,GSM3933972,Illumina HiSeq 4000,4,SINGLE,cDNA,TRANSCRIPTOMIC,Homo sapiens,B7,ILLUMINA,2021-09-10T00:00:00Z,2019-07-09T13:57:00Z,1,S91,GSM3933972,MCF7,SRP213890
SRR9659810,RNA-Seq,74,138921922,PRJNA553537,SAMN12237166,53419610,MCF7,GEO,hypoxia,public,"fastq,run.zq,sra","gs,ncbi,s3","gs.us-east1,ncbi.public,s3.us-east-1",SRX6421026,GSM3933973,Illumina HiSeq 4000,4,SINGLE,cDNA,TRANSCRIPTOMIC,Homo sapiens,B8,ILLUMINA,2021-09-10T00:00:00Z,2019-07-09T13:58:00Z,1,S92,GSM3933973,MCF7,SRP213890
SRR9659811,RNA-Seq,74,133544414,PRJNA553537,SAMN12237165,51539869,MCF7,GEO,hypoxia,public,"fastq,run.zq,sra","gs,ncbi,s3","gs.us-east1,ncbi.public,s3.us-east-1",SRX6421027,GSM3933974,Illumina HiSeq 4000,4,SINGLE,cDNA,TRANSCRIPTOMIC,Homo sapiens,B9,ILLUMINA,2021-09-10T00:00:00Z,2019-07-09T13:57:00Z,1,S93,GSM3933974,MCF7,SRP213890
SRR9659812,RNA-Seq,74,120391085,PRJNA553537,SAMN12237164,46316486,MCF7,GEO,Norm,public,"fastq,run.zq,sra","gs,ncbi,s3","gs.us-east1,ncbi.public,s3.us-east-1",SRX6421028,GSM3933975,Illumina HiSeq 4000,4,SINGLE,cDNA,TRANSCRIPTOMIC,Homo sapiens,C1,ILLUMINA,2021-09-10T00:00:00Z,2019-07-09T13:57:00Z,1,S115,GSM3933975,MCF7,SRP213890
SRR9659813,RNA-Seq,74,92670276,PRJNA553537,SAMN12237162,35768661,MCF7,GEO,hypoxia,public,"fastq,run.zq,sra","gs,ncbi,s3","gs.us-east1,ncbi.public,s3.us-east-1",SRX6421029,GSM3933976,Illumina HiSeq 4000,4,SINGLE,cDNA,TRANSCRIPTOMIC,Homo sapiens,C10,ILLUMINA,2021-09-10T00:00:00Z,2019-07-09T13:57:00Z,1,S142,GSM3933976,MCF7,SRP213890
SRR9659814,RNA-Seq,74,99092453,PRJNA553537,SAMN12237161,38321257,MCF7,GEO,hypoxia,public,"fastq,run.zq,sra","gs,ncbi,s3","gs.us-east1,ncbi.public,s3.us-east-1",SRX6421030,GSM3933977,Illumina HiSeq 4000,4,SINGLE,cDNA,TRANSCRIPTOMIC,Homo sapiens,C11,ILLUMINA,2021-09-10T00:00:00Z,2019-07-09T13:57:00Z,1,S143,GSM3933977,MCF7,SRP213890
SRR9659815,RNA-Seq,74,103173808,PRJNA553537,SAMN12237160,39534612,MCF7,GEO,hypoxia,public,"fastq,run.zq,sra","gs,ncbi,s3","gs.us-east1,ncbi.public,s3.us-east-1",SRX6421031,GSM3933978,Illumina HiSeq 4000,4,SINGLE,cDNA,TRANSCRIPTOMIC,Homo sapiens,C12,ILLUMINA,2021-09-10T00:00:00Z,2019-07-09T13:57:00Z,1,S144,GSM3933978,MCF7,SRP213890
SRR9659816,RNA-Seq,74,118304591,PRJNA553537,SAMN12237159,45507976,MCF7,GEO,Norm,public,"fastq,run.zq,sra","gs,ncbi,s3","gs.us-east1,ncbi.public,s3.us-east-1",SRX6421032,GSM3933979,Illumina HiSeq 4000,4,SINGLE,cDNA,TRANSCRIPTOMIC,Homo sapiens,C2,ILLUMINA,2021-09-10T00:00:00Z,2019-07-09T13:58:00Z,1,S116,GSM3933979,MCF7,SRP213890
SRR9659817,RNA-Seq,74,86247470,PRJNA553537,SAMN12237158,33279497,MCF7,GEO,Norm,public,"fastq,run.zq,sra","gs,ncbi,s3","gs.us-east1,ncbi.public,s3.us-east-1",SRX6421033,GSM3933980,Illumina HiSeq 4000,4,SINGLE,cDNA,TRANSCRIPTOMIC,Homo sapiens,C3,ILLUMINA,2021-09-10T00:00:00Z,2019-07-09T13:57:00Z,1,S117,GSM3933980,MCF7,SRP213890
SRR9659818,RNA-Seq,74,118697684,PRJNA553537,SAMN12237157,45650249,MCF7,GEO,Norm,public,"fastq,run.zq,sra","gs,ncbi,s3","gs.us-east1,ncbi.public,s3.us-east-1",SRX6421034,GSM3933981,Illumina HiSeq 4000,4,SINGLE,cDNA,TRANSCRIPTOMIC,Homo sapiens,C4,ILLUMINA,2021-09-10T00:00:00Z,2019-07-09T13:58:00Z,1,S118,GSM3933981,MCF7,SRP213890
SRR9659819,RNA-Seq,74,102407469,PRJNA553537,SAMN12237156,39448677,MCF7,GEO,Norm,public,"fastq,run.zq,sra","gs,ncbi,s3","gs.us-east1,ncbi.public,s3.us-east-1",SRX6421035,GSM3933982,Illumina HiSeq 4000,4,SINGLE,cDNA,TRANSCRIPTOMIC,Homo sapiens,C5,ILLUMINA,2021-09-10T00:00:00Z,2019-07-09T13:57:00Z,1,S119,GSM3933982,MCF7,SRP213890
SRR9659820,RNA-Seq,74,49674642,PRJNA553537,SAMN12237155,19000345,MCF7,GEO,Norm,public,"fastq,run.zq,sra","gs,ncbi,s3","gs.us-east1,ncbi.public,s3.us-east-1",SRX6421036,GSM3933983,Illumina HiSeq 4000,4,SINGLE,cDNA,TRANSCRIPTOMIC,Homo sapiens,C6,ILLUMINA,2021-09-10T00:00:00Z,2019-07-09T13:57:00Z,1,S120,GSM3933983,MCF7,SRP213890
SRR9659821,RNA-Seq,74,97578193,PRJNA553537,SAMN12237154,37722626,MCF7,GEO,hypoxia,public,"fastq,run.zq,sra","gs,ncbi,s3","gs.us-east1,ncbi.public,s3.us-east-1",SRX6421037,GSM3933984,Illumina HiSeq 4000,4,SINGLE,cDNA,TRANSCRIPTOMIC,Homo sapiens,C7,ILLUMINA,2021-09-10T00:00:00Z,2019-07-09T13:57:00Z,1,S139,GSM3933984,MCF7,SRP213890
SRR9659822,RNA-Seq,74,109423254,PRJNA553537,SAMN12237153,42117199,MCF7,GEO,hypoxia,public,"fastq,run.zq,sra","gs,ncbi,s3","gs.us-east1,ncbi.public,s3.us-east-1",SRX6421038,GSM3933985,Illumina HiSeq 4000,4,SINGLE,cDNA,TRANSCRIPTOMIC,Homo sapiens,C8,ILLUMINA,2021-09-10T00:00:00Z,2019-07-09T13:58:00Z,1,S140,GSM3933985,MCF7,SRP213890
SRR9659823,RNA-Seq,74,89378532,PRJNA553537,SAMN12237152,34489778,MCF7,GEO,hypoxia,public,"fastq,run.zq,sra","gs,ncbi,s3","gs.us-east1,ncbi.public,s3.us-east-1",SRX6421039,GSM3933986,Illumina HiSeq 4000,4,SINGLE,cDNA,TRANSCRIPTOMIC,Homo sapiens,C9,ILLUMINA,2021-09-10T00:00:00Z,2019-07-09T13:57:00Z,1,S141,GSM3933986,MCF7,SRP213890
SRR9659824,RNA-Seq,74,58856963,PRJNA553537,SAMN12237151,22702772,MCF7,GEO,Norm,public,"fastq,run.zq,sra","gs,ncbi,s3","gs.us-east1,ncbi.public,s3.us-east-1",SRX6421072,GSM3933987,Illumina HiSeq 4000,4,SINGLE,cDNA,TRANSCRIPTOMIC,Homo sapiens,D1,ILLUMINA,2021-09-10T00:00:00Z,2019-07-09T13:57:00Z,1,S163,GSM3933987,MCF7,SRP213890
SRR9659825,RNA-Seq,74,73804021,PRJNA553537,SAMN12237148,28430274,MCF7,GEO,hypoxia,public,"fastq,run.zq,sra","gs,ncbi,s3","gs.us-east1,ncbi.public,s3.us-east-1",SRX6421073,GSM3933988,Illumina HiSeq 4000,4,SINGLE,cDNA,TRANSCRIPTOMIC,Homo sapiens,D10,ILLUMINA,2021-09-10T00:00:00Z,2019-07-09T13:57:00Z,1,S190,GSM3933988,MCF7,SRP213890
SRR9659826,RNA-Seq,74,50994561,PRJNA553537,SAMN12237147,19911765,MCF7,GEO,hypoxia,public,"fastq,run.zq,sra","gs,ncbi,s3","gs.us-east1,ncbi.public,s3.us-east-1",SRX6421074,GSM3933989,Illumina HiSeq 4000,4,SINGLE,cDNA,TRANSCRIPTOMIC,Homo sapiens,D11,ILLUMINA,2021-09-10T00:00:00Z,2019-07-09T13:57:00Z,1,S191,GSM3933989,MCF7,SRP213890
SRR9659827,RNA-Seq,74,90406248,PRJNA553537,SAMN12237189,34819395,MCF7,GEO,hypoxia,public,"fastq,run.zq,sra","gs,ncbi,s3","gs.us-east1,ncbi.public,s3.us-east-1",SRX6421075,GSM3933990,Illumina HiSeq 4000,4,SINGLE,cDNA,TRANSCRIPTOMIC,Homo sapiens,D12,ILLUMINA,2021-09-10T00:00:00Z,2019-07-09T13:57:00Z,1,S192,GSM3933990,MCF7,SRP213890
SRR9659828,RNA-Seq,74,100261723,PRJNA553537,SAMN12237188,38384466,MCF7,GEO,Norm,public,"fastq,run.zq,sra","gs,ncbi,s3","gs.us-east1,ncbi.public,s3.us-east-1",SRX6421076,GSM3933991,Illumina HiSeq 4000,4,SINGLE,cDNA,TRANSCRIPTOMIC,Homo sapiens,D2,ILLUMINA,2021-09-10T00:00:00Z,2019-07-09T13:57:00Z,1,S164,GSM3933991,MCF7,SRP213890
SRR9659829,RNA-Seq,74,41318857,PRJNA553537,SAMN12237187,15935260,MCF7,GEO,Norm,public,"fastq,run.zq,sra","gs,ncbi,s3","gs.us-east1,ncbi.public,s3.us-east-1",SRX6421077,GSM3933992,Illumina HiSeq 4000,4,SINGLE,cDNA,TRANSCRIPTOMIC,Homo sapiens,D3,ILLUMINA,2021-09-10T00:00:00Z,2019-07-09T13:57:00Z,1,S165,GSM3933992,MCF7,SRP213890
SRR9659830,RNA-Seq,74,89683110,PRJNA553537,SAMN12237150,34357134,MCF7,GEO,Norm,public,"fastq,run.zq,sra","gs,ncbi,s3","gs.us-east1,ncbi.public,s3.us-east-1",SRX6421078,GSM3933993,Illumina HiSeq 4000,4,SINGLE,cDNA,TRANSCRIPTOMIC,Homo sapiens,D4,ILLUMINA,2021-09-10T00:00:00Z,2019-07-09T13:57:00Z,1,S166,GSM3933993,MCF7,SRP213890
SRR9659831,RNA-Seq,74,60787048,PRJNA553537,SAMN12237149,23475495,MCF7,GEO,Norm,public,"fastq,run.zq,sra","gs,ncbi,s3","gs.us-east1,ncbi.public,s3.us-east-1",SRX6421079,GSM3933994,Illumina HiSeq 4000,4,SINGLE,cDNA,TRANSCRIPTOMIC,Homo sapiens,D5,ILLUMINA,2021-09-10T00:00:00Z,2019-07-09T13:57:00Z,1,S167,GSM3933994,MCF7,SRP213890
SRR9659832,RNA-Seq,74,79383674,PRJNA553537,SAMN12237186,30501103,MCF7,GEO,Norm,public,"fastq,run.zq,sra","gs,ncbi,s3","gs.us-east1,ncbi.public,s3.us-east-1",SRX6421080,GSM3933995,Illumina HiSeq 4000,4,SINGLE,cDNA,TRANSCRIPTOMIC,Homo sapiens,D6,ILLUMINA,2021-09-10T00:00:00Z,2019-07-09T13:57:00Z,1,S168,GSM3933995,MCF7,SRP213890
SRR9659833,RNA-Seq,74,51924921,PRJNA553537,SAMN12237185,20155446,MCF7,GEO,hypoxia,public,"fastq,run.zq,sra","gs,ncbi,s3","gs.us-east1,ncbi.public,s3.us-east-1",SRX6421081,GSM3933996,Illumina HiSeq 4000,4,SINGLE,cDNA,TRANSCRIPTOMIC,Homo sapiens,D7,ILLUMINA,2021-09-10T00:00:00Z,2019-07-09T13:57:00Z,1,S187,GSM3933996,MCF7,SRP213890
SRR9659834,RNA-Seq,74,107216611,PRJNA553537,SAMN12237184,41320974,MCF7,GEO,hypoxia,public,"fastq,run.zq,sra","gs,ncbi,s3","gs.us-east1,ncbi.public,s3.us-east-1",SRX6421082,GSM3933997,Illumina HiSeq 4000,4,SINGLE,cDNA,TRANSCRIPTOMIC,Homo sapiens,D8,ILLUMINA,2021-09-10T00:00:00Z,2019-07-09T13:57:00Z,1,S188,GSM3933997,MCF7,SRP213890
SRR9659835,RNA-Seq,74,64762217,PRJNA553537,SAMN12237183,25001125,MCF7,GEO,hypoxia,public,"fastq,run.zq,sra","gs,ncbi,s3","gs.us-east1,ncbi.public,s3.us-east-1",SRX6421083,GSM3933998,Illumina HiSeq 4000,4,SINGLE,cDNA,TRANSCRIPTOMIC,Homo sapiens,D9,ILLUMINA,2021-09-10T00:00:00Z,2019-07-09T13:57:00Z,1,S189,GSM3933998,MCF7,SRP213890
SRR9659836,RNA-Seq,74,79452922,PRJNA553537,SAMN12237182,30876236,MCF7,GEO,Norm,public,"fastq,run.zq,sra","gs,ncbi,s3","gs.us-east1,ncbi.public,s3.us-east-1",SRX6421084,GSM3933999,Illumina HiSeq 4000,4,SINGLE,cDNA,TRANSCRIPTOMIC,Homo sapiens,E1,ILLUMINA,2021-09-10T00:00:00Z,2019-07-09T13:57:00Z,1,S211,GSM3933999,MCF7,SRP213890
SRR9659837,RNA-Seq,74,95174181,PRJNA553537,SAMN12237181,36378141,MCF7,GEO,hypoxia,public,"fastq,run.zq,sra","gs,ncbi,s3","gs.us-east1,ncbi.public,s3.us-east-1",SRX6421085,GSM3934000,Illumina HiSeq 4000,4,SINGLE,cDNA,TRANSCRIPTOMIC,Homo sapiens,E10,ILLUMINA,2021-09-10T00:00:00Z,2019-07-09T13:57:00Z,1,S238,GSM3934000,MCF7,SRP213890
SRR9659838,RNA-Seq,74,57827350,PRJNA553537,SAMN12237180,22136797,MCF7,GEO,hypoxia,public,"fastq,run.zq,sra","gs,ncbi,s3","gs.us-east1,ncbi.public,s3.us-east-1",SRX6421086,GSM3934001,Illumina HiSeq 4000,4,SINGLE,cDNA,TRANSCRIPTOMIC,Homo sapiens,E11,ILLUMINA,2021-09-10T00:00:00Z,2019-07-09T13:57:00Z,1,S239,GSM3934001,MCF7,SRP213890
SRR9659839,RNA-Seq,74,39302735,PRJNA553537,SAMN12237179,15086816,MCF7,GEO,hypoxia,public,"fastq,run.zq,sra","gs,ncbi,s3","gs.us-east1,ncbi.public,s3.us-east-1",SRX6421087,GSM3934002,Illumina HiSeq 4000,4,SINGLE,cDNA,TRANSCRIPTOMIC,Homo sapiens,E12,ILLUMINA,2021-09-10T00:00:00Z,2019-07-09T13:57:00Z,1,S240,GSM3934002,MCF7,SRP213890
SRR9659840,RNA-Seq,74,91262885,PRJNA553537,SAMN12237178,35329941,MCF7,GEO,Norm,public,"fastq,run.zq,sra","gs,ncbi,s3","gs.us-east1,ncbi.public,s3.us-east-1",SRX6421088,GSM3934003,Illumina HiSeq 4000,4,SINGLE,cDNA,TRANSCRIPTOMIC,Homo sapiens,E2,ILLUMINA,2021-09-10T00:00:00Z,2019-07-09T13:57:00Z,1,S212,GSM3934003,MCF7,SRP213890
SRR9659841,RNA-Seq,74,67479213,PRJNA553537,SAMN12237644,26278997,MCF7,GEO,Norm,public,"fastq,run.zq,sra","gs,ncbi,s3","gs.us-east1,ncbi.public,s3.us-east-1",SRX6421089,GSM3934004,Illumina HiSeq 4000,4,SINGLE,cDNA,TRANSCRIPTOMIC,Homo sapiens,E3,ILLUMINA,2021-09-10T00:00:00Z,2019-07-09T13:57:00Z,1,S213,GSM3934004,MCF7,SRP213890
SRR9659842,RNA-Seq,74,108089370,PRJNA553537,SAMN12237643,41745303,MCF7,GEO,Norm,public,"fastq,run.zq,sra","gs,ncbi,s3","gs.us-east1,ncbi.public,s3.us-east-1",SRX6421090,GSM3934005,Illumina HiSeq 4000,4,SINGLE,cDNA,TRANSCRIPTOMIC,Homo sapiens,E4,ILLUMINA,2021-09-10T00:00:00Z,2019-07-09T13:58:00Z,1,S214,GSM3934005,MCF7,SRP213890
SRR9659843,RNA-Seq,74,68744548,PRJNA553537,SAMN12237642,26712269,MCF7,GEO,Norm,public,"fastq,run.zq,sra","gs,ncbi,s3","gs.us-east1,ncbi.public,s3.us-east-1",SRX6421091,GSM3934006,Illumina HiSeq 4000,4,SINGLE,cDNA,TRANSCRIPTOMIC,Homo sapiens,E5,ILLUMINA,2021-09-10T00:00:00Z,2019-07-09T13:57:00Z,1,S215,GSM3934006,MCF7,SRP213890
SRR9659844,RNA-Seq,74,64049889,PRJNA553537,SAMN12237641,24752359,MCF7,GEO,Norm,public,"fastq,run.zq,sra","gs,ncbi,s3","gs.us-east1,ncbi.public,s3.us-east-1",SRX6421092,GSM3934007,Illumina HiSeq 4000,4,SINGLE,cDNA,TRANSCRIPTOMIC,Homo sapiens,E6,ILLUMINA,2021-09-10T00:00:00Z,2019-07-09T13:57:00Z,1,S216,GSM3934007,MCF7,SRP213890
SRR9659845,RNA-Seq,74,91782161,PRJNA553537,SAMN12237640,35190546,MCF7,GEO,hypoxia,public,"fastq,run.zq,sra","gs,ncbi,s3","gs.us-east1,ncbi.public,s3.us-east-1",SRX6421093,GSM3934008,Illumina HiSeq 4000,4,SINGLE,cDNA,TRANSCRIPTOMIC,Homo sapiens,E7,ILLUMINA,2021-09-10T00:00:00Z,2019-07-09T13:57:00Z,1,S235,GSM3934008,MCF7,SRP213890
SRR9659846,RNA-Seq,74,134957949,PRJNA553537,SAMN12237762,51939951,MCF7,GEO,hypoxia,public,"fastq,run.zq,sra","gs,ncbi,s3","gs.us-east1,ncbi.public,s3.us-east-1",SRX6421094,GSM3934009,Illumina HiSeq 4000,4,SINGLE,cDNA,TRANSCRIPTOMIC,Homo sapiens,E8,ILLUMINA,2021-09-10T00:00:00Z,2019-07-09T13:58:00Z,1,S236,GSM3934009,MCF7,SRP213890
SRR9659847,RNA-Seq,74,89518511,PRJNA553537,SAMN12237761,34231658,MCF7,GEO,hypoxia,public,"fastq,run.zq,sra","gs,ncbi,s3","gs.us-east1,ncbi.public,s3.us-east-1",SRX6421095,GSM3934010,Illumina HiSeq 4000,4,SINGLE,cDNA,TRANSCRIPTOMIC,Homo sapiens,E9,ILLUMINA,2021-09-10T00:00:00Z,2019-07-09T13:57:00Z,1,S237,GSM3934010,MCF7,SRP213890
SRR9659848,RNA-Seq,74,119520910,PRJNA553537,SAMN12237760,45972323,MCF7,GEO,Norm,public,"fastq,run.zq,sra","gs,ncbi,s3","gs.us-east1,ncbi.public,s3.us-east-1",SRX6421096,GSM3934011,Illumina HiSeq 4000,4,SINGLE,cDNA,TRANSCRIPTOMIC,Homo sapiens,F1,ILLUMINA,2021-09-10T00:00:00Z,2019-07-09T13:58:00Z,1,S259,GSM3934011,MCF7,SRP213890
SRR9659849,RNA-Seq,74,31587198,PRJNA553537,SAMN12237759,12219248,MCF7,GEO,hypoxia,public,"fastq,run.zq,sra","gs,ncbi,s3","gs.us-east1,ncbi.public,s3.us-east-1",SRX6421097,GSM3934012,Illumina HiSeq 4000,4,SINGLE,cDNA,TRANSCRIPTOMIC,Homo sapiens,F10,ILLUMINA,2021-09-10T00:00:00Z,2019-07-09T13:57:00Z,1,S286,GSM3934012,MCF7,SRP213890
SRR9659850,RNA-Seq,74,81782588,PRJNA553537,SAMN12237758,31463628,MCF7,GEO,hypoxia,public,"fastq,run.zq,sra","gs,ncbi,s3","gs.us-east1,ncbi.public,s3.us-east-1",SRX6421098,GSM3934013,Illumina HiSeq 4000,4,SINGLE,cDNA,TRANSCRIPTOMIC,Homo sapiens,F11,ILLUMINA,2021-09-10T00:00:00Z,2019-07-09T13:57:00Z,1,S287,GSM3934013,MCF7,SRP213890
SRR9659851,RNA-Seq,74,63389702,PRJNA553537,SAMN12237757,24204525,MCF7,GEO,hypoxia,public,"fastq,run.zq,sra","gs,ncbi,s3","gs.us-east1,ncbi.public,s3.us-east-1",SRX6421099,GSM3934014,Illumina HiSeq 4000,4,SINGLE,cDNA,TRANSCRIPTOMIC,Homo sapiens,F12,ILLUMINA,2021-09-10T00:00:00Z,2019-07-09T13:57:00Z,1,S288,GSM3934014,MCF7,SRP213890
SRR9659852,RNA-Seq,74,120194457,PRJNA553537,SAMN12237756,46216409,MCF7,GEO,Norm,public,"fastq,run.zq,sra","gs,ncbi,s3","gs.us-east1,ncbi.public,s3.us-east-1",SRX6421100,GSM3934015,Illumina HiSeq 4000,4,SINGLE,cDNA,TRANSCRIPTOMIC,Homo sapiens,F2,ILLUMINA,2021-09-10T00:00:00Z,2019-07-09T13:58:00Z,1,S260,GSM3934015,MCF7,SRP213890
SRR9659853,RNA-Seq,74,67937852,PRJNA553537,SAMN12237755,26260195,MCF7,GEO,Norm,public,"fastq,run.zq,sra","gs,ncbi,s3","gs.us-east1,ncbi.public,s3.us-east-1",SRX6421101,GSM3934016,Illumina HiSeq 4000,4,SINGLE,cDNA,TRANSCRIPTOMIC,Homo sapiens,F3,ILLUMINA,2021-09-10T00:00:00Z,2019-07-09T13:57:00Z,1,S261,GSM3934016,MCF7,SRP213890
SRR9659854,RNA-Seq,74,66262359,PRJNA553537,SAMN12237754,25337741,MCF7,GEO,Norm,public,"fastq,run.zq,sra","gs,ncbi,s3","gs.us-east1,ncbi.public,s3.us-east-1",SRX6421102,GSM3934017,Illumina HiSeq 4000,4,SINGLE,cDNA,TRANSCRIPTOMIC,Homo sapiens,F4,ILLUMINA,2021-09-10T00:00:00Z,2019-07-09T13:57:00Z,1,S262,GSM3934017,MCF7,SRP213890
SRR9659855,RNA-Seq,74,96373384,PRJNA553537,SAMN12237753,37124608,MCF7,GEO,Norm,public,"fastq,run.zq,sra","gs,ncbi,s3","gs.us-east1,ncbi.public,s3.us-east-1",SRX6421103,GSM3934018,Illumina HiSeq 4000,4,SINGLE,cDNA,TRANSCRIPTOMIC,Homo sapiens,F5,ILLUMINA,2021-09-10T00:00:00Z,2019-07-09T13:57:00Z,1,S263,GSM3934018,MCF7,SRP213890
SRR9659856,RNA-Seq,74,85064026,PRJNA553537,SAMN12237752,32717847,MCF7,GEO,Norm,public,"fastq,run.zq,sra","gs,ncbi,s3","gs.us-east1,ncbi.public,s3.us-east-1",SRX6420755,GSM3934019,Illumina HiSeq 4000,4,SINGLE,cDNA,TRANSCRIPTOMIC,Homo sapiens,F6,ILLUMINA,2021-09-10T00:00:00Z,2019-07-09T13:57:00Z,1,S264,GSM3934019,MCF7,SRP213890
SRR9659857,RNA-Seq,74,57220694,PRJNA553537,SAMN12237751,22132809,MCF7,GEO,hypoxia,public,"fastq,run.zq,sra","gs,ncbi,s3","gs.us-east1,ncbi.public,s3.us-east-1",SRX6420756,GSM3934020,Illumina HiSeq 4000,4,SINGLE,cDNA,TRANSCRIPTOMIC,Homo sapiens,F7,ILLUMINA,2021-09-10T00:00:00Z,2019-07-09T13:57:00Z,1,S283,GSM3934020,MCF7,SRP213890
SRR9659858,RNA-Seq,74,98124849,PRJNA553537,SAMN12237750,37770990,MCF7,GEO,hypoxia,public,"fastq,run.zq,sra","gs,ncbi,s3","gs.us-east1,ncbi.public,s3.us-east-1",SRX6420757,GSM3934021,Illumina HiSeq 4000,4,SINGLE,cDNA,TRANSCRIPTOMIC,Homo sapiens,F8,ILLUMINA,2021-09-10T00:00:00Z,2019-07-09T13:58:00Z,1,S284,GSM3934021,MCF7,SRP213890
SRR9659859,RNA-Seq,74,50813213,PRJNA553537,SAMN12237634,19696093,MCF7,GEO,hypoxia,public,"fastq,run.zq,sra","gs,ncbi,s3","gs.us-east1,ncbi.public,s3.us-east-1",SRX6420758,GSM3934022,Illumina HiSeq 4000,4,SINGLE,cDNA,TRANSCRIPTOMIC,Homo sapiens,F9,ILLUMINA,2021-09-10T00:00:00Z,2019-07-09T13:57:00Z,1,S285,GSM3934022,MCF7,SRP213890
SRR9659860,RNA-Seq,74,81799410,PRJNA553537,SAMN12237639,31410871,MCF7,GEO,Norm,public,"fastq,run.zq,sra","gs,ncbi,s3","gs.us-east1,ncbi.public,s3.us-east-1",SRX6420759,GSM3934023,Illumina HiSeq 4000,4,SINGLE,cDNA,TRANSCRIPTOMIC,Homo sapiens,G1,ILLUMINA,2021-09-10T00:00:00Z,2019-07-09T13:57:00Z,1,S307,GSM3934023,MCF7,SRP213890
SRR9659861,RNA-Seq,74,65158473,PRJNA553537,SAMN12237638,25000691,MCF7,GEO,hypoxia,public,"fastq,run.zq,sra","gs,ncbi,s3","gs.us-east1,ncbi.public,s3.us-east-1",SRX6420760,GSM3934024,Illumina HiSeq 4000,4,SINGLE,cDNA,TRANSCRIPTOMIC,Homo sapiens,G10,ILLUMINA,2021-09-10T00:00:00Z,2019-07-09T13:57:00Z,1,S334,GSM3934024,MCF7,SRP213890
SRR9659862,RNA-Seq,74,42983266,PRJNA553537,SAMN12237637,16439784,MCF7,GEO,hypoxia,public,"fastq,run.zq,sra","gs,ncbi,s3","gs.us-east1,ncbi.public,s3.us-east-1",SRX6420761,GSM3934025,Illumina HiSeq 4000,4,SINGLE,cDNA,TRANSCRIPTOMIC,Homo sapiens,G11,ILLUMINA,2021-09-10T00:00:00Z,2019-07-09T13:57:00Z,1,S335,GSM3934025,MCF7,SRP213890
SRR9659863,RNA-Seq,74,88182133,PRJNA553537,SAMN12237636,33829239,MCF7,GEO,hypoxia,public,"fastq,run.zq,sra","gs,ncbi,s3","gs.us-east1,ncbi.public,s3.us-east-1",SRX6420762,GSM3934026,Illumina HiSeq 4000,4,SINGLE,cDNA,TRANSCRIPTOMIC,Homo sapiens,G12,ILLUMINA,2021-09-10T00:00:00Z,2019-07-09T13:58:00Z,1,S336,GSM3934026,MCF7,SRP213890
SRR9659864,RNA-Seq,74,102742124,PRJNA553537,SAMN12237635,39508196,MCF7,GEO,Norm,public,"fastq,run.zq,sra","gs,ncbi,s3","gs.us-east1,ncbi.public,s3.us-east-1",SRX6420763,GSM3934027,Illumina HiSeq 4000,4,SINGLE,cDNA,TRANSCRIPTOMIC,Homo sapiens,G2,ILLUMINA,2021-09-10T00:00:00Z,2019-07-09T13:58:00Z,1,S308,GSM3934027,MCF7,SRP213890
SRR9659865,RNA-Seq,74,95311907,PRJNA553537,SAMN12237633,36606663,MCF7,GEO,Norm,public,"fastq,run.zq,sra","gs,ncbi,s3","gs.us-east1,ncbi.public,s3.us-east-1",SRX6420764,GSM3934028,Illumina HiSeq 4000,4,SINGLE,cDNA,TRANSCRIPTOMIC,Homo sapiens,G3,ILLUMINA,2021-09-10T00:00:00Z,2019-07-09T13:58:00Z,1,S309,GSM3934028,MCF7,SRP213890
SRR9659866,RNA-Seq,74,90426537,PRJNA553537,SAMN12237632,34461215,MCF7,GEO,Norm,public,"fastq,run.zq,sra","gs,ncbi,s3","gs.us-east1,ncbi.public,s3.us-east-1",SRX6420765,GSM3934029,Illumina HiSeq 4000,4,SINGLE,cDNA,TRANSCRIPTOMIC,Homo sapiens,G4,ILLUMINA,2021-09-10T00:00:00Z,2019-07-09T13:57:00Z,1,S310,GSM3934029,MCF7,SRP213890
SRR9659867,RNA-Seq,74,89453968,PRJNA553537,SAMN12237631,34382311,MCF7,GEO,Norm,public,"fastq,run.zq,sra","gs,ncbi,s3","gs.us-east1,ncbi.public,s3.us-east-1",SRX6420766,GSM3934030,Illumina HiSeq 4000,4,SINGLE,cDNA,TRANSCRIPTOMIC,Homo sapiens,G5,ILLUMINA,2021-09-10T00:00:00Z,2019-07-09T13:57:00Z,1,S311,GSM3934030,MCF7,SRP213890
SRR9659868,RNA-Seq,74,82870847,PRJNA553537,SAMN12237630,31561420,MCF7,GEO,Norm,public,"fastq,run.zq,sra","gs,ncbi,s3","gs.us-east1,ncbi.public,s3.us-east-1",SRX6420767,GSM3934031,Illumina HiSeq 4000,4,SINGLE,cDNA,TRANSCRIPTOMIC,Homo sapiens,G6,ILLUMINA,2021-09-10T00:00:00Z,2019-07-09T13:57:00Z,1,S312,GSM3934031,MCF7,SRP213890
SRR9659869,RNA-Seq,74,59542075,PRJNA553537,SAMN12237629,22850084,MCF7,GEO,hypoxia,public,"fastq,run.zq,sra","gs,ncbi,s3","gs.us-east1,ncbi.public,s3.us-east-1",SRX6420768,GSM3934032,Illumina HiSeq 4000,4,SINGLE,cDNA,TRANSCRIPTOMIC,Homo sapiens,G7,ILLUMINA,2021-09-10T00:00:00Z,2019-07-09T13:57:00Z,1,S331,GSM3934032,MCF7,SRP213890
SRR9659870,RNA-Seq,74,88182892,PRJNA553537,SAMN12237628,33818744,MCF7,GEO,hypoxia,public,"fastq,run.zq,sra","gs,ncbi,s3","gs.us-east1,ncbi.public,s3.us-east-1",SRX6420769,GSM3934033,Illumina HiSeq 4000,4,SINGLE,cDNA,TRANSCRIPTOMIC,Homo sapiens,G8,ILLUMINA,2021-09-10T00:00:00Z,2019-07-09T13:57:00Z,1,S332,GSM3934033,MCF7,SRP213890
SRR9659871,RNA-Seq,74,72362416,PRJNA553537,SAMN12237627,27694031,MCF7,GEO,hypoxia,public,"fastq,run.zq,sra","gs,ncbi,s3","gs.us-east1,ncbi.public,s3.us-east-1",SRX6420770,GSM3934034,Illumina HiSeq 4000,4,SINGLE,cDNA,TRANSCRIPTOMIC,Homo sapiens,G9,ILLUMINA,2021-09-10T00:00:00Z,2019-07-09T13:57:00Z,1,S333,GSM3934034,MCF7,SRP213890
SRR9659872,RNA-Seq,74,76973119,PRJNA553537,SAMN12237626,29719380,MCF7,GEO,Norm,public,"fastq,run.zq,sra","gs,ncbi,s3","gs.us-east1,ncbi.public,s3.us-east-1",SRX6420771,GSM3934035,Illumina HiSeq 4000,4,SINGLE,cDNA,TRANSCRIPTOMIC,Homo sapiens,H1,ILLUMINA,2021-09-10T00:00:00Z,2019-07-09T13:57:00Z,1,S355,GSM3934035,MCF7,SRP213890
SRR9659873,RNA-Seq,74,78976569,PRJNA553537,SAMN12237625,30176990,MCF7,GEO,hypoxia,public,"fastq,run.zq,sra","gs,ncbi,s3","gs.us-east1,ncbi.public,s3.us-east-1",SRX6420772,GSM3934036,Illumina HiSeq 4000,4,SINGLE,cDNA,TRANSCRIPTOMIC,Homo sapiens,H10,ILLUMINA,2021-09-10T00:00:00Z,2019-07-09T13:57:00Z,1,S382,GSM3934036,MCF7,SRP213890
SRR9659874,RNA-Seq,74,31040783,PRJNA553537,SAMN12237624,11939106,MCF7,GEO,hypoxia,public,"fastq,run.zq,sra","gs,ncbi,s3","gs.us-east1,ncbi.public,s3.us-east-1",SRX6420773,GSM3934037,Illumina HiSeq 4000,4,SINGLE,cDNA,TRANSCRIPTOMIC,Homo sapiens,H14,ILLUMINA,2021-09-10T00:00:00Z,2019-07-09T13:57:00Z,1,S383,GSM3934037,MCF7,SRP213890
SRR9659875,RNA-Seq,73,71571455,PRJNA553537,SAMN12237623,27323921,MCF7,GEO,Norm,public,"fastq,run.zq,sra","gs,ncbi,s3","gs.us-east1,ncbi.public,s3.us-east-1",SRX6420774,GSM3934038,Illumina HiSeq 4000,4,SINGLE,cDNA,TRANSCRIPTOMIC,Homo sapiens,H2,ILLUMINA,2021-09-10T00:00:00Z,2019-07-09T13:57:00Z,1,S356,GSM3934038,MCF7,SRP213890
SRR9659876,RNA-Seq,74,59878255,PRJNA553537,SAMN12237749,22979735,MCF7,GEO,Norm,public,"fastq,run.zq,sra","gs,ncbi,s3","gs.us-east1,ncbi.public,s3.us-east-1",SRX6420775,GSM3934039,Illumina HiSeq 4000,4,SINGLE,cDNA,TRANSCRIPTOMIC,Homo sapiens,H3,ILLUMINA,2021-09-10T00:00:00Z,2019-07-09T13:57:00Z,1,S357,GSM3934039,MCF7,SRP213890
SRR9659877,RNA-Seq,74,39470125,PRJNA553537,SAMN12237748,15118659,MCF7,GEO,Norm,public,"fastq,run.zq,sra","gs,ncbi,s3","gs.us-east1,ncbi.public,s3.us-east-1",SRX6420776,GSM3934040,Illumina HiSeq 4000,4,SINGLE,cDNA,TRANSCRIPTOMIC,Homo sapiens,H4,ILLUMINA,2021-09-10T00:00:00Z,2019-07-09T13:57:00Z,1,S358,GSM3934040,MCF7,SRP213890
SRR9659878,RNA-Seq,74,32602793,PRJNA553537,SAMN12237747,12581378,MCF7,GEO,Norm,public,"fastq,run.zq,sra","gs,ncbi,s3","gs.us-east1,ncbi.public,s3.us-east-1",SRX6420777,GSM3934041,Illumina HiSeq 4000,4,SINGLE,cDNA,TRANSCRIPTOMIC,Homo sapiens,H5,ILLUMINA,2021-09-10T00:00:00Z,2019-07-09T13:57:00Z,1,S359,GSM3934041,MCF7,SRP213890
SRR9659879,RNA-Seq,74,90761427,PRJNA553537,SAMN12237746,34601550,MCF7,GEO,Norm,public,"fastq,run.zq,sra","gs,ncbi,s3","gs.us-east1,ncbi.public,s3.us-east-1",SRX6420778,GSM3934042,Illumina HiSeq 4000,4,SINGLE,cDNA,TRANSCRIPTOMIC,Homo sapiens,H6,ILLUMINA,2021-09-10T00:00:00Z,2019-07-09T13:57:00Z,1,S360,GSM3934042,MCF7,SRP213890
SRR9659880,RNA-Seq,74,110489316,PRJNA553537,SAMN12237745,42518753,MCF7,GEO,hypoxia,public,"fastq,run.zq,sra","gs,ncbi,s3","gs.us-east1,ncbi.public,s3.us-east-1",SRX6420779,GSM3934043,Illumina HiSeq 4000,4,SINGLE,cDNA,TRANSCRIPTOMIC,Homo sapiens,H7,ILLUMINA,2021-09-10T00:00:00Z,2019-07-09T13:58:00Z,1,S379,GSM3934043,MCF7,SRP213890
SRR9659881,RNA-Seq,74,123796479,PRJNA553537,SAMN12237744,47645721,MCF7,GEO,hypoxia,public,"fastq,run.zq,sra","gs,ncbi,s3","gs.us-east1,ncbi.public,s3.us-east-1",SRX6420780,GSM3934044,Illumina HiSeq 4000,4,SINGLE,cDNA,TRANSCRIPTOMIC,Homo sapiens,H8,ILLUMINA,2021-09-10T00:00:00Z,2019-07-09T13:58:00Z,1,S380,GSM3934044,MCF7,SRP213890
SRR9659882,RNA-Seq,74,114062846,PRJNA553537,SAMN12237743,43951688,MCF7,GEO,hypoxia,public,"fastq,run.zq,sra","gs,ncbi,s3","gs.us-east1,ncbi.public,s3.us-east-1",SRX6420781,GSM3934045,Illumina HiSeq 4000,4,SINGLE,cDNA,TRANSCRIPTOMIC,Homo sapiens,H9,ILLUMINA,2021-09-10T00:00:00Z,2019-07-09T13:58:00Z,1,S381,GSM3934045,MCF7,SRP213890
SRR9659883,RNA-Seq,71,5946807,PRJNA553537,SAMN12237742,2410722,MCF7,GEO,BLANK,public,"fastq,run.zq,sra","gs,ncbi,s3","gs.us-east1,ncbi.public,s3.us-east-1",SRX6420782,GSM3934046,Illumina HiSeq 4000,U,SINGLE,cDNA,TRANSCRIPTOMIC,Homo sapiens,U,ILLUMINA,2021-09-10T00:00:00Z,2019-07-09T13:57:00Z,1,S384,GSM3934046,MCF7,SRP213890
SRR9659884,RNA-Seq,69,1652628,PRJNA553537,SAMN12237262,729804,MCF7,GEO,hypoxia,public,"fastq,run.zq,sra","gs,ncbi,s3","gs.us-east1,ncbi.public,s3.us-east-1",SRX6420982,GSM3933673,Illumina HiSeq 4000,1,SINGLE,cDNA,TRANSCRIPTOMIC,Homo sapiens,A8,ILLUMINA,2021-09-10T00:00:00Z,2019-07-09T13:57:00Z,1,S26,GSM3933673,MCF7,SRP213890
SRR9659885,RNA-Seq,70,6823598,PRJNA553537,SAMN12237261,2731494,MCF7,GEO,hypoxia,public,"fastq,run.zq,sra","gs,ncbi,s3","gs.us-east1,ncbi.public,s3.us-east-1",SRX6420983,GSM3933674,Illumina HiSeq 4000,1,SINGLE,cDNA,TRANSCRIPTOMIC,Homo sapiens,A9,ILLUMINA,2021-09-10T00:00:00Z,2019-07-09T13:57:00Z,1,S27,GSM3933674,MCF7,SRP213890
SRR9659886,RNA-Seq,72,9914711,PRJNA553537,SAMN12237260,3900581,MCF7,GEO,Norm,public,"fastq,run.zq,sra","gs,ncbi,s3","gs.us-east1,ncbi.public,s3.us-east-1",SRX6420984,GSM3933675,Illumina HiSeq 4000,1,SINGLE,cDNA,TRANSCRIPTOMIC,Homo sapiens,B1,ILLUMINA,2021-09-10T00:00:00Z,2019-07-09T13:57:00Z,1,S49,GSM3933675,MCF7,SRP213890
SRR9659887,RNA-Seq,74,176874959,PRJNA553537,SAMN12237259,68158466,MCF7,GEO,hypoxia,public,"fastq,run.zq,sra","gs,ncbi,s3","gs.us-east1,ncbi.public,s3.us-east-1",SRX6420985,GSM3933676,Illumina HiSeq 4000,1,SINGLE,cDNA,TRANSCRIPTOMIC,Homo sapiens,B10,ILLUMINA,2021-09-10T00:00:00Z,2019-07-09T13:58:00Z,1,S76,GSM3933676,MCF7,SRP213890
SRR9659888,RNA-Seq,74,124933860,PRJNA553537,SAMN12237258,48160907,MCF7,GEO,hypoxia,public,"fastq,run.zq,sra","gs,ncbi,s3","gs.us-east1,ncbi.public,s3.us-east-1",SRX6420986,GSM3933677,Illumina HiSeq 4000,1,SINGLE,cDNA,TRANSCRIPTOMIC,Homo sapiens,B11,ILLUMINA,2021-09-10T00:00:00Z,2019-07-09T13:58:00Z,1,S77,GSM3933677,MCF7,SRP213890
SRR9659889,RNA-Seq,74,73326605,PRJNA553537,SAMN12237296,28642205,MCF7,GEO,hypoxia,public,"fastq,run.zq,sra","gs,ncbi,s3","gs.us-east1,ncbi.public,s3.us-east-1",SRX6420987,GSM3933678,Illumina HiSeq 4000,1,SINGLE,cDNA,TRANSCRIPTOMIC,Homo sapiens,B12,ILLUMINA,2021-09-10T00:00:00Z,2019-07-09T13:57:00Z,1,S78,GSM3933678,MCF7,SRP213890
SRR9659890,RNA-Seq,72,9626334,PRJNA553537,SAMN12237295,3785640,MCF7,GEO,Norm,public,"fastq,run.zq,sra","gs,ncbi,s3","gs.us-east1,ncbi.public,s3.us-east-1",SRX6420988,GSM3933679,Illumina HiSeq 4000,1,SINGLE,cDNA,TRANSCRIPTOMIC,Homo sapiens,B2,ILLUMINA,2021-09-10T00:00:00Z,2019-07-09T13:57:00Z,1,S50,GSM3933679,MCF7,SRP213890
SRR9659891,RNA-Seq,71,15965020,PRJNA553537,SAMN12237294,6260850,MCF7,GEO,Norm,public,"fastq,run.zq,sra","gs,ncbi,s3","gs.us-east1,ncbi.public,s3.us-east-1",SRX6420989,GSM3933680,Illumina HiSeq 4000,1,SINGLE,cDNA,TRANSCRIPTOMIC,Homo sapiens,B3,ILLUMINA,2021-09-10T00:00:00Z,2019-07-09T13:57:00Z,1,S51,GSM3933680,MCF7,SRP213890
SRR9659892,RNA-Seq,73,23713608,PRJNA553537,SAMN12237293,9236605,MCF7,GEO,Norm,public,"fastq,run.zq,sra","gs,ncbi,s3","gs.us-east1,ncbi.public,s3.us-east-1",SRX6420990,GSM3933681,Illumina HiSeq 4000,1,SINGLE,cDNA,TRANSCRIPTOMIC,Homo sapiens,B4,ILLUMINA,2021-09-10T00:00:00Z,2019-07-09T13:57:00Z,1,S52,GSM3933681,MCF7,SRP213890
SRR9659893,RNA-Seq,74,120260562,PRJNA553537,SAMN12237292,46597993,MCF7,GEO,Norm,public,"fastq,run.zq,sra","gs,ncbi,s3","gs.us-east1,ncbi.public,s3.us-east-1",SRX6420991,GSM3933682,Illumina HiSeq 4000,1,SINGLE,cDNA,TRANSCRIPTOMIC,Homo sapiens,B5,ILLUMINA,2021-09-10T00:00:00Z,2019-07-09T13:58:00Z,1,S53,GSM3933682,MCF7,SRP213890
SRR9659894,RNA-Seq,74,100800013,PRJNA553537,SAMN12237291,39282076,MCF7,GEO,Norm,public,"fastq,run.zq,sra","gs,ncbi,s3","gs.us-east1,ncbi.public,s3.us-east-1",SRX6420992,GSM3933683,Illumina HiSeq 4000,1,SINGLE,cDNA,TRANSCRIPTOMIC,Homo sapiens,B6,ILLUMINA,2021-09-10T00:00:00Z,2019-07-09T13:58:00Z,1,S54,GSM3933683,MCF7,SRP213890
SRR9659895,RNA-Seq,73,29550732,PRJNA553537,SAMN12237290,11380760,MCF7,GEO,hypoxia,public,"fastq,run.zq,sra","gs,ncbi,s3","gs.us-east1,ncbi.public,s3.us-east-1",SRX6420993,GSM3933684,Illumina HiSeq 4000,1,SINGLE,cDNA,TRANSCRIPTOMIC,Homo sapiens,B7,ILLUMINA,2021-09-10T00:00:00Z,2019-07-09T13:57:00Z,1,S73,GSM3933684,MCF7,SRP213890
SRR9659896,RNA-Seq,73,83894153,PRJNA553537,SAMN12237289,32090179,MCF7,GEO,hypoxia,public,"fastq,run.zq,sra","gs,ncbi,s3","gs.us-east1,ncbi.public,s3.us-east-1",SRX6420994,GSM3933685,Illumina HiSeq 4000,1,SINGLE,cDNA,TRANSCRIPTOMIC,Homo sapiens,B8,ILLUMINA,2021-09-10T00:00:00Z,2019-07-09T13:57:00Z,1,S74,GSM3933685,MCF7,SRP213890
SRR9659897,RNA-Seq,72,12243787,PRJNA553537,SAMN12237288,4852618,MCF7,GEO,hypoxia,public,"fastq,run.zq,sra","gs,ncbi,s3","gs.us-east1,ncbi.public,s3.us-east-1",SRX6420995,GSM3933686,Illumina HiSeq 4000,1,SINGLE,cDNA,TRANSCRIPTOMIC,Homo sapiens,B9,ILLUMINA,2021-09-10T00:00:00Z,2019-07-09T13:57:00Z,1,S75,GSM3933686,MCF7,SRP213890
SRR9659898,RNA-Seq,73,22571971,PRJNA553537,SAMN12237287,8703485,MCF7,GEO,Norm,public,"fastq,run.zq,sra","gs,ncbi,s3","gs.us-east1,ncbi.public,s3.us-east-1",SRX6420996,GSM3933687,Illumina HiSeq 4000,1,SINGLE,cDNA,TRANSCRIPTOMIC,Homo sapiens,C1,ILLUMINA,2021-09-10T00:00:00Z,2019-07-09T13:57:00Z,1,S97,GSM3933687,MCF7,SRP213890
SRR9659899,RNA-Seq,73,59119848,PRJNA553537,SAMN12237286,22694732,MCF7,GEO,hypoxia,public,"fastq,run.zq,sra","gs,ncbi,s3","gs.us-east1,ncbi.public,s3.us-east-1",SRX6420997,GSM3933688,Illumina HiSeq 4000,1,SINGLE,cDNA,TRANSCRIPTOMIC,Homo sapiens,C10,ILLUMINA,2021-09-10T00:00:00Z,2019-07-09T13:57:00Z,1,S124,GSM3933688,MCF7,SRP213890
SRR9659900,RNA-Seq,74,108452117,PRJNA553537,SAMN12237285,41774292,MCF7,GEO,hypoxia,public,"fastq,run.zq,sra","gs,ncbi,s3","gs.us-east1,ncbi.public,s3.us-east-1",SRX6420998,GSM3933689,Illumina HiSeq 4000,1,SINGLE,cDNA,TRANSCRIPTOMIC,Homo sapiens,C11,ILLUMINA,2021-09-10T00:00:00Z,2019-07-09T13:58:00Z,1,S125,GSM3933689,MCF7,SRP213890
SRR9659901,RNA-Seq,74,120593080,PRJNA553537,SAMN12237284,46689752,MCF7,GEO,hypoxia,public,"fastq,run.zq,sra","gs,ncbi,s3","gs.us-east1,ncbi.public,s3.us-east-1",SRX6420999,GSM3933690,Illumina HiSeq 4000,1,SINGLE,cDNA,TRANSCRIPTOMIC,Homo sapiens,C12,ILLUMINA,2021-09-10T00:00:00Z,2019-07-09T13:58:00Z,1,S126,GSM3933690,MCF7,SRP213890
SRR9659902,RNA-Seq,73,40545248,PRJNA553537,SAMN12237283,15521099,MCF7,GEO,Norm,public,"fastq,run.zq,sra","gs,ncbi,s3","gs.us-east1,ncbi.public,s3.us-east-1",SRX6421000,GSM3933691,Illumina HiSeq 4000,1,SINGLE,cDNA,TRANSCRIPTOMIC,Homo sapiens,C2,ILLUMINA,2021-09-10T00:00:00Z,2019-07-09T13:57:00Z,1,S98,GSM3933691,MCF7,SRP213890
SRR9659903,RNA-Seq,72,12133596,PRJNA553537,SAMN12237282,4732677,MCF7,GEO,Norm,public,"fastq,run.zq,sra","gs,ncbi,s3","gs.us-east1,ncbi.public,s3.us-east-1",SRX6421001,GSM3933692,Illumina HiSeq 4000,1,SINGLE,cDNA,TRANSCRIPTOMIC,Homo sapiens,C3,ILLUMINA,2021-09-10T00:00:00Z,2019-07-09T13:57:00Z,1,S99,GSM3933692,MCF7,SRP213890
SRR9659904,RNA-Seq,73,22354852,PRJNA553537,SAMN12237223,9141507,MCF7,GEO,Norm,public,"fastq,run.zq,sra","gs,ncbi,s3","gs.us-east1,ncbi.public,s3.us-east-1",SRX6421002,GSM3933693,Illumina HiSeq 4000,1,SINGLE,cDNA,TRANSCRIPTOMIC,Homo sapiens,C4,ILLUMINA,2021-09-10T00:00:00Z,2019-07-09T13:57:00Z,1,S100,GSM3933693,MCF7,SRP213890
SRR9659905,RNA-Seq,74,117536373,PRJNA553537,SAMN12237222,45106178,MCF7,GEO,Norm,public,"fastq,run.zq,sra","gs,ncbi,s3","gs.us-east1,ncbi.public,s3.us-east-1",SRX6421003,GSM3933694,Illumina HiSeq 4000,1,SINGLE,cDNA,TRANSCRIPTOMIC,Homo sapiens,C5,ILLUMINA,2021-09-10T00:00:00Z,2019-07-09T13:58:00Z,1,S101,GSM3933694,MCF7,SRP213890
SRR9659906,RNA-Seq,74,113803057,PRJNA553537,SAMN12237221,43761500,MCF7,GEO,Norm,public,"fastq,run.zq,sra","gs,ncbi,s3","gs.us-east1,ncbi.public,s3.us-east-1",SRX6421004,GSM3933695,Illumina HiSeq 4000,1,SINGLE,cDNA,TRANSCRIPTOMIC,Homo sapiens,C6,ILLUMINA,2021-09-10T00:00:00Z,2019-07-09T13:58:00Z,1,S102,GSM3933695,MCF7,SRP213890
SRR9659907,RNA-Seq,71,7832869,PRJNA553537,SAMN12237220,3133902,MCF7,GEO,hypoxia,public,"fastq,run.zq,sra","gs,ncbi,s3","gs.us-east1,ncbi.public,s3.us-east-1",SRX6421005,GSM3933696,Illumina HiSeq 4000,1,SINGLE,cDNA,TRANSCRIPTOMIC,Homo sapiens,C7,ILLUMINA,2021-09-10T00:00:00Z,2019-07-09T13:57:00Z,1,S121,GSM3933696,MCF7,SRP213890
SRR9659908,RNA-Seq,72,9714982,PRJNA553537,SAMN12237219,3815974,MCF7,GEO,hypoxia,public,"fastq,run.zq,sra","gs,ncbi,s3","gs.us-east1,ncbi.public,s3.us-east-1",SRX6421006,GSM3933697,Illumina HiSeq 4000,1,SINGLE,cDNA,TRANSCRIPTOMIC,Homo sapiens,C8,ILLUMINA,2021-09-10T00:00:00Z,2019-07-09T13:57:00Z,1,S122,GSM3933697,MCF7,SRP213890
SRR9659909,RNA-Seq,61,644543,PRJNA553537,SAMN12237218,352360,MCF7,GEO,hypoxia,public,"fastq,run.zq,sra","gs,ncbi,s3","gs.us-east1,ncbi.public,s3.us-east-1",SRX6421007,GSM3933698,Illumina HiSeq 4000,1,SINGLE,cDNA,TRANSCRIPTOMIC,Homo sapiens,C9,ILLUMINA,2021-09-10T00:00:00Z,2019-07-09T13:57:00Z,1,S123,GSM3933698,MCF7,SRP213890
SRR9659910,RNA-Seq,72,11682108,PRJNA553537,SAMN12237217,4571422,MCF7,GEO,Norm,public,"fastq,run.zq,sra","gs,ncbi,s3","gs.us-east1,ncbi.public,s3.us-east-1",SRX6421040,GSM3933699,Illumina HiSeq 4000,1,SINGLE,cDNA,TRANSCRIPTOMIC,Homo sapiens,D1,ILLUMINA,2021-09-10T00:00:00Z,2019-07-09T13:57:00Z,1,S145,GSM3933699,MCF7,SRP213890
SRR9659911,RNA-Seq,72,17950624,PRJNA553537,SAMN12237216,7014907,MCF7,GEO,hypoxia,public,"fastq,run.zq,sra","gs,ncbi,s3","gs.us-east1,ncbi.public,s3.us-east-1",SRX6421041,GSM3933700,Illumina HiSeq 4000,1,SINGLE,cDNA,TRANSCRIPTOMIC,Homo sapiens,D10,ILLUMINA,2021-09-10T00:00:00Z,2019-07-09T13:57:00Z,1,S172,GSM3933700,MCF7,SRP213890
SRR9659912,RNA-Seq,73,71869052,PRJNA553537,SAMN12237214,27750063,MCF7,GEO,hypoxia,public,"fastq,run.zq,sra","gs,ncbi,s3","gs.us-east1,ncbi.public,s3.us-east-1",SRX6421042,GSM3933701,Illumina HiSeq 4000,1,SINGLE,cDNA,TRANSCRIPTOMIC,Homo sapiens,D11,ILLUMINA,2021-09-10T00:00:00Z,2019-07-09T13:57:00Z,1,S173,GSM3933701,MCF7,SRP213890
SRR9659913,RNA-Seq,74,58331875,PRJNA553537,SAMN12237213,22705774,MCF7,GEO,hypoxia,public,"fastq,run.zq,sra","gs,ncbi,s3","gs.us-east1,ncbi.public,s3.us-east-1",SRX6421043,GSM3933702,Illumina HiSeq 4000,1,SINGLE,cDNA,TRANSCRIPTOMIC,Homo sapiens,D12,ILLUMINA,2021-09-10T00:00:00Z,2019-07-09T13:57:00Z,1,S174,GSM3933702,MCF7,SRP213890
SRR9659914,RNA-Seq,72,12710222,PRJNA553537,SAMN12237257,4955026,MCF7,GEO,Norm,public,"fastq,run.zq,sra","gs,ncbi,s3","gs.us-east1,ncbi.public,s3.us-east-1",SRX6421044,GSM3933703,Illumina HiSeq 4000,1,SINGLE,cDNA,TRANSCRIPTOMIC,Homo sapiens,D2,ILLUMINA,2021-09-10T00:00:00Z,2019-07-09T13:57:00Z,1,S146,GSM3933703,MCF7,SRP213890
SRR9659915,RNA-Seq,71,5801508,PRJNA553537,SAMN12237256,2334934,MCF7,GEO,Norm,public,"fastq,run.zq,sra","gs,ncbi,s3","gs.us-east1,ncbi.public,s3.us-east-1",SRX6421045,GSM3933704,Illumina HiSeq 4000,1,SINGLE,cDNA,TRANSCRIPTOMIC,Homo sapiens,D3,ILLUMINA,2021-09-10T00:00:00Z,2019-07-09T13:57:00Z,1,S147,GSM3933704,MCF7,SRP213890
SRR9659916,RNA-Seq,73,35347466,PRJNA553537,SAMN12237255,13588094,MCF7,GEO,Norm,public,"fastq,run.zq,sra","gs,ncbi,s3","gs.us-east1,ncbi.public,s3.us-east-1",SRX6421046,GSM3933705,Illumina HiSeq 4000,1,SINGLE,cDNA,TRANSCRIPTOMIC,Homo sapiens,D4,ILLUMINA,2021-09-10T00:00:00Z,2019-07-09T13:57:00Z,1,S148,GSM3933705,MCF7,SRP213890
SRR9659917,RNA-Seq,73,83925835,PRJNA553537,SAMN12237254,32202359,MCF7,GEO,Norm,public,"fastq,run.zq,sra","gs,ncbi,s3","gs.us-east1,ncbi.public,s3.us-east-1",SRX6421047,GSM3933706,Illumina HiSeq 4000,1,SINGLE,cDNA,TRANSCRIPTOMIC,Homo sapiens,D5,ILLUMINA,2021-09-10T00:00:00Z,2019-07-09T13:58:00Z,1,S149,GSM3933706,MCF7,SRP213890
SRR9659918,RNA-Seq,61,531464,PRJNA553537,SAMN12237253,303594,MCF7,GEO,Norm,public,"fastq,run.zq,sra","gs,ncbi,s3","gs.us-east1,ncbi.public,s3.us-east-1",SRX6421048,GSM3933707,Illumina HiSeq 4000,1,SINGLE,cDNA,TRANSCRIPTOMIC,Homo sapiens,D6,ILLUMINA,2021-09-10T00:00:00Z,2019-07-09T13:57:00Z,1,S150,GSM3933707,MCF7,SRP213890
SRR9659919,RNA-Seq,73,58263400,PRJNA553537,SAMN12237252,22515554,MCF7,GEO,hypoxia,public,"fastq,run.zq,sra","gs,ncbi,s3","gs.us-east1,ncbi.public,s3.us-east-1",SRX6421049,GSM3933708,Illumina HiSeq 4000,1,SINGLE,cDNA,TRANSCRIPTOMIC,Homo sapiens,D7,ILLUMINA,2021-09-10T00:00:00Z,2019-07-09T13:57:00Z,1,S169,GSM3933708,MCF7,SRP213890
SRR9659920,RNA-Seq,74,4586697,PRJNA553537,SAMN12237251,1854548,MCF7,GEO,hypoxia,public,"fastq,run.zq,sra","gs,ncbi,s3","gs.us-east1,ncbi.public,s3.us-east-1",SRX6421050,GSM3933709,Illumina HiSeq 4000,1,SINGLE,cDNA,TRANSCRIPTOMIC,Homo sapiens,D8,ILLUMINA,2021-09-10T00:00:00Z,2019-07-09T13:57:00Z,1,S170,GSM3933709,MCF7,SRP213890
SRR9659921,RNA-Seq,73,35082334,PRJNA553537,SAMN12237249,13635119,MCF7,GEO,hypoxia,public,"fastq,run.zq,sra","gs,ncbi,s3","gs.us-east1,ncbi.public,s3.us-east-1",SRX6421051,GSM3933710,Illumina HiSeq 4000,1,SINGLE,cDNA,TRANSCRIPTOMIC,Homo sapiens,D9,ILLUMINA,2021-09-10T00:00:00Z,2019-07-09T13:57:00Z,1,S171,GSM3933710,MCF7,SRP213890
SRR9659922,RNA-Seq,60,17118,PRJNA553537,SAMN12237248,90883,MCF7,GEO,Norm,public,"fastq,run.zq,sra","gs,ncbi,s3","gs.us-east1,ncbi.public,s3.us-east-1",SRX6421052,GSM3933711,Illumina HiSeq 4000,1,SINGLE,cDNA,TRANSCRIPTOMIC,Homo sapiens,E1,ILLUMINA,2021-09-10T00:00:00Z,2019-07-09T13:57:00Z,1,S193,GSM3933711,MCF7,SRP213890
SRR9659923,RNA-Seq,70,5717920,PRJNA553537,SAMN12237246,2300440,MCF7,GEO,hypoxia,public,"fastq,run.zq,sra","gs,ncbi,s3","gs.us-east1,ncbi.public,s3.us-east-1",SRX6421053,GSM3933712,Illumina HiSeq 4000,1,SINGLE,cDNA,TRANSCRIPTOMIC,Homo sapiens,E10,ILLUMINA,2021-09-10T00:00:00Z,2019-07-09T13:57:00Z,1,S220,GSM3933712,MCF7,SRP213890
SRR9659924,RNA-Seq,73,58192198,PRJNA553537,SAMN12237245,22200560,MCF7,GEO,hypoxia,public,"fastq,run.zq,sra","gs,ncbi,s3","gs.us-east1,ncbi.public,s3.us-east-1",SRX6421054,GSM3933713,Illumina HiSeq 4000,1,SINGLE,cDNA,TRANSCRIPTOMIC,Homo sapiens,E11,ILLUMINA,2021-09-10T00:00:00Z,2019-07-09T13:58:00Z,1,S221,GSM3933713,MCF7,SRP213890
SRR9659925,RNA-Seq,74,108053140,PRJNA553537,SAMN12237243,41829342,MCF7,GEO,hypoxia,public,"fastq,run.zq,sra","gs,ncbi,s3","gs.us-east1,ncbi.public,s3.us-east-1",SRX6421055,GSM3933714,Illumina HiSeq 4000,1,SINGLE,cDNA,TRANSCRIPTOMIC,Homo sapiens,E12,ILLUMINA,2021-09-10T00:00:00Z,2019-07-09T13:58:00Z,1,S222,GSM3933714,MCF7,SRP213890
SRR9659926,RNA-Seq,72,19859426,PRJNA553537,SAMN12237240,7695843,MCF7,GEO,Norm,public,"fastq,run.zq,sra","gs,ncbi,s3","gs.us-east1,ncbi.public,s3.us-east-1",SRX6421056,GSM3933715,Illumina HiSeq 4000,1,SINGLE,cDNA,TRANSCRIPTOMIC,Homo sapiens,E2,ILLUMINA,2021-09-10T00:00:00Z,2019-07-09T13:57:00Z,1,S194,GSM3933715,MCF7,SRP213890
SRR9659927,RNA-Seq,74,61342624,PRJNA553537,SAMN12237238,23796062,MCF7,GEO,Norm,public,"fastq,run.zq,sra","gs,ncbi,s3","gs.us-east1,ncbi.public,s3.us-east-1",SRX6421057,GSM3933716,Illumina HiSeq 4000,1,SINGLE,cDNA,TRANSCRIPTOMIC,Homo sapiens,E3,ILLUMINA,2021-09-10T00:00:00Z,2019-07-09T13:57:00Z,1,S195,GSM3933716,MCF7,SRP213890
SRR9659928,RNA-Seq,71,3437989,PRJNA553537,SAMN12237237,1415735,MCF7,GEO,Norm,public,"fastq,run.zq,sra","gs,ncbi,s3","gs.us-east1,ncbi.public,s3.us-east-1",SRX6421058,GSM3933717,Illumina HiSeq 4000,1,SINGLE,cDNA,TRANSCRIPTOMIC,Homo sapiens,E4,ILLUMINA,2021-09-10T00:00:00Z,2019-07-09T13:57:00Z,1,S196,GSM3933717,MCF7,SRP213890
SRR9659929,RNA-Seq,72,8277607,PRJNA553537,SAMN12237236,3276056,MCF7,GEO,Norm,public,"fastq,run.zq,sra","gs,ncbi,s3","gs.us-east1,ncbi.public,s3.us-east-1",SRX6421059,GSM3933718,Illumina HiSeq 4000,1,SINGLE,cDNA,TRANSCRIPTOMIC,Homo sapiens,E5,ILLUMINA,2021-09-10T00:00:00Z,2019-07-09T13:57:00Z,1,S197,GSM3933718,MCF7,SRP213890
SRR9659930,RNA-Seq,72,7128360,PRJNA553537,SAMN12237234,2829748,MCF7,GEO,Norm,public,"fastq,run.zq,sra","gs,ncbi,s3","gs.us-east1,ncbi.public,s3.us-east-1",SRX6421060,GSM3933719,Illumina HiSeq 4000,1,SINGLE,cDNA,TRANSCRIPTOMIC,Homo sapiens,E6,ILLUMINA,2021-09-10T00:00:00Z,2019-07-09T13:57:00Z,1,S198,GSM3933719,MCF7,SRP213890
SRR9659931,RNA-Seq,70,5150746,PRJNA553537,SAMN12237275,2089012,MCF7,GEO,hypoxia,public,"fastq,run.zq,sra","gs,ncbi,s3","gs.us-east1,ncbi.public,s3.us-east-1",SRX6421061,GSM3933720,Illumina HiSeq 4000,1,SINGLE,cDNA,TRANSCRIPTOMIC,Homo sapiens,E7,ILLUMINA,2021-09-10T00:00:00Z,2019-07-09T13:57:00Z,1,S217,GSM3933720,MCF7,SRP213890
SRR9659932,RNA-Seq,71,8040886,PRJNA553537,SAMN12237274,3188268,MCF7,GEO,hypoxia,public,"fastq,run.zq,sra","gs,ncbi,s3","gs.us-east1,ncbi.public,s3.us-east-1",SRX6421062,GSM3933721,Illumina HiSeq 4000,1,SINGLE,cDNA,TRANSCRIPTOMIC,Homo sapiens,E8,ILLUMINA,2021-09-10T00:00:00Z,2019-07-09T13:57:00Z,1,S218,GSM3933721,MCF7,SRP213890
SRR9659933,RNA-Seq,72,13776379,PRJNA553537,SAMN12237273,5380033,MCF7,GEO,hypoxia,public,"fastq,run.zq,sra","gs,ncbi,s3","gs.us-east1,ncbi.public,s3.us-east-1",SRX6421063,GSM3933722,Illumina HiSeq 4000,1,SINGLE,cDNA,TRANSCRIPTOMIC,Homo sapiens,E9,ILLUMINA,2021-09-10T00:00:00Z,2019-07-09T13:57:00Z,1,S219,GSM3933722,MCF7,SRP213890
SRR9659934,RNA-Seq,71,7260794,PRJNA553537,SAMN12237531,2884358,MCF7,GEO,Norm,public,"fastq,run.zq,sra","gs,ncbi,s3","gs.us-east1,ncbi.public,s3.us-east-1",SRX6421064,GSM3933723,Illumina HiSeq 4000,1,SINGLE,cDNA,TRANSCRIPTOMIC,Homo sapiens,F1,ILLUMINA,2021-09-10T00:00:00Z,2019-07-09T13:57:00Z,1,S241,GSM3933723,MCF7,SRP213890
SRR9659935,RNA-Seq,74,12932,PRJNA553537,SAMN12237530,87100,MCF7,GEO,hypoxia,public,"fastq,run.zq,sra","gs,ncbi,s3","gs.us-east1,ncbi.public,s3.us-east-1",SRX6421065,GSM3933724,Illumina HiSeq 4000,1,SINGLE,cDNA,TRANSCRIPTOMIC,Homo sapiens,F10,ILLUMINA,2021-09-10T00:00:00Z,2019-07-09T13:57:00Z,1,S268,GSM3933724,MCF7,SRP213890
SRR9659936,RNA-Seq,72,20404941,PRJNA553537,SAMN12237529,7899400,MCF7,GEO,hypoxia,public,"fastq,run.zq,sra","gs,ncbi,s3","gs.us-east1,ncbi.public,s3.us-east-1",SRX6421066,GSM3933725,Illumina HiSeq 4000,1,SINGLE,cDNA,TRANSCRIPTOMIC,Homo sapiens,F11,ILLUMINA,2021-09-10T00:00:00Z,2019-07-09T13:57:00Z,1,S269,GSM3933725,MCF7,SRP213890
SRR9659937,RNA-Seq,74,108627050,PRJNA553537,SAMN12237528,42169504,MCF7,GEO,hypoxia,public,"fastq,run.zq,sra","gs,ncbi,s3","gs.us-east1,ncbi.public,s3.us-east-1",SRX6421067,GSM3933726,Illumina HiSeq 4000,1,SINGLE,cDNA,TRANSCRIPTOMIC,Homo sapiens,F12,ILLUMINA,2021-09-10T00:00:00Z,2019-07-09T13:58:00Z,1,S270,GSM3933726,MCF7,SRP213890
SRR9659938,RNA-Seq,71,7331603,PRJNA553537,SAMN12237527,2896539,MCF7,GEO,Norm,public,"fastq,run.zq,sra","gs,ncbi,s3","gs.us-east1,ncbi.public,s3.us-east-1",SRX6421068,GSM3933727,Illumina HiSeq 4000,1,SINGLE,cDNA,TRANSCRIPTOMIC,Homo sapiens,F2,ILLUMINA,2021-09-10T00:00:00Z,2019-07-09T13:57:00Z,1,S242,GSM3933727,MCF7,SRP213890
SRR9659939,RNA-Seq,72,20367709,PRJNA553537,SAMN12237526,7874766,MCF7,GEO,Norm,public,"fastq,run.zq,sra","gs,ncbi,s3","gs.us-east1,ncbi.public,s3.us-east-1",SRX6421069,GSM3933728,Illumina HiSeq 4000,1,SINGLE,cDNA,TRANSCRIPTOMIC,Homo sapiens,F3,ILLUMINA,2021-09-10T00:00:00Z,2019-07-09T13:57:00Z,1,S243,GSM3933728,MCF7,SRP213890
SRR9659940,RNA-Seq,73,50519036,PRJNA553537,SAMN12237525,19376872,MCF7,GEO,Norm,public,"fastq,run.zq,sra","gs,ncbi,s3","gs.us-east1,ncbi.public,s3.us-east-1",SRX6421070,GSM3933729,Illumina HiSeq 4000,1,SINGLE,cDNA,TRANSCRIPTOMIC,Homo sapiens,F4,ILLUMINA,2021-09-10T00:00:00Z,2019-07-09T13:57:00Z,1,S244,GSM3933729,MCF7,SRP213890
SRR9659941,RNA-Seq,74,95341084,PRJNA553537,SAMN12237524,36574645,MCF7,GEO,Norm,public,"fastq,run.zq,sra","gs,ncbi,s3","gs.us-east1,ncbi.public,s3.us-east-1",SRX6421071,GSM3933730,Illumina HiSeq 4000,1,SINGLE,cDNA,TRANSCRIPTOMIC,Homo sapiens,F5,ILLUMINA,2021-09-10T00:00:00Z,2019-07-09T13:58:00Z,1,S245,GSM3933730,MCF7,SRP213890
SRR9659942,RNA-Seq,74,139923146,PRJNA553537,SAMN12237523,53828821,MCF7,GEO,Norm,public,"fastq,run.zq,sra","gs,ncbi,s3","gs.us-east1,ncbi.public,s3.us-east-1",SRX6420723,GSM3933731,Illumina HiSeq 4000,1,SINGLE,cDNA,TRANSCRIPTOMIC,Homo sapiens,F6,ILLUMINA,2021-09-10T00:00:00Z,2019-07-09T13:58:00Z,1,S246,GSM3933731,MCF7,SRP213890
SRR9659943,RNA-Seq,68,2787039,PRJNA553537,SAMN12237522,1191632,MCF7,GEO,hypoxia,public,"fastq,run.zq,sra","gs,ncbi,s3","gs.us-east1,ncbi.public,s3.us-east-1",SRX6420724,GSM3933732,Illumina HiSeq 4000,1,SINGLE,cDNA,TRANSCRIPTOMIC,Homo sapiens,F7,ILLUMINA,2021-09-10T00:00:00Z,2019-07-09T13:57:00Z,1,S265,GSM3933732,MCF7,SRP213890
SRR9659944,RNA-Seq,68,2082025,PRJNA553537,SAMN12237521,907267,MCF7,GEO,hypoxia,public,"fastq,run.zq,sra","gs,ncbi,s3","gs.us-east1,ncbi.public,s3.us-east-1",SRX6420725,GSM3933733,Illumina HiSeq 4000,1,SINGLE,cDNA,TRANSCRIPTOMIC,Homo sapiens,F8,ILLUMINA,2021-09-10T00:00:00Z,2019-07-09T13:57:00Z,1,S266,GSM3933733,MCF7,SRP213890
SRR9659945,RNA-Seq,73,62490998,PRJNA553537,SAMN12237520,24063731,MCF7,GEO,hypoxia,public,"fastq,run.zq,sra","gs,ncbi,s3","gs.us-east1,ncbi.public,s3.us-east-1",SRX6420726,GSM3933734,Illumina HiSeq 4000,1,SINGLE,cDNA,TRANSCRIPTOMIC,Homo sapiens,F9,ILLUMINA,2021-09-10T00:00:00Z,2019-07-09T13:57:00Z,1,S267,GSM3933734,MCF7,SRP213890
SRR9659946,RNA-Seq,64,336995,PRJNA553537,SAMN12237519,220215,MCF7,GEO,Norm,public,"fastq,run.zq,sra","gs,ncbi,s3","gs.us-east1,ncbi.public,s3.us-east-1",SRX6420727,GSM3933735,Illumina HiSeq 4000,1,SINGLE,cDNA,TRANSCRIPTOMIC,Homo sapiens,G1,ILLUMINA,2021-09-10T00:00:00Z,2019-07-09T13:57:00Z,1,S289,GSM3933735,MCF7,SRP213890
SRR9659947,RNA-Seq,73,35425844,PRJNA553537,SAMN12237518,13575714,MCF7,GEO,hypoxia,public,"fastq,run.zq,sra","gs,ncbi,s3","gs.us-east1,ncbi.public,s3.us-east-1",SRX6420728,GSM3933736,Illumina HiSeq 4000,1,SINGLE,cDNA,TRANSCRIPTOMIC,Homo sapiens,G10,ILLUMINA,2021-09-10T00:00:00Z,2019-07-09T13:57:00Z,1,S316,GSM3933736,MCF7,SRP213890
SRR9659948,RNA-Seq,70,5697427,PRJNA553537,SAMN12237517,2297260,MCF7,GEO,hypoxia,public,"fastq,run.zq,sra","gs,ncbi,s3","gs.us-east1,ncbi.public,s3.us-east-1",SRX6420729,GSM3933737,Illumina HiSeq 4000,1,SINGLE,cDNA,TRANSCRIPTOMIC,Homo sapiens,G11,ILLUMINA,2021-09-10T00:00:00Z,2019-07-09T13:57:00Z,1,S317,GSM3933737,MCF7,SRP213890
SRR9659949,RNA-Seq,74,1711,PRJNA553537,SAMN12237516,83122,MCF7,GEO,hypoxia,public,"fastq,run.zq,sra","gs,ncbi,s3","gs.us-east1,ncbi.public,s3.us-east-1",SRX6420730,GSM3933738,Illumina HiSeq 4000,1,SINGLE,cDNA,TRANSCRIPTOMIC,Homo sapiens,G12,ILLUMINA,2021-09-10T00:00:00Z,2019-07-09T13:57:00Z,1,S318,GSM3933738,MCF7,SRP213890
SRR9659950,RNA-Seq,73,13288418,PRJNA553537,SAMN12237515,5115564,MCF7,GEO,Norm,public,"fastq,run.zq,sra","gs,ncbi,s3","gs.us-east1,ncbi.public,s3.us-east-1",SRX6420731,GSM3933739,Illumina HiSeq 4000,1,SINGLE,cDNA,TRANSCRIPTOMIC,Homo sapiens,G2,ILLUMINA,2021-09-10T00:00:00Z,2019-07-09T13:57:00Z,1,S290,GSM3933739,MCF7,SRP213890
SRR9659951,RNA-Seq,70,5838648,PRJNA553537,SAMN12237514,2352857,MCF7,GEO,Norm,public,"fastq,run.zq,sra","gs,ncbi,s3","gs.us-east1,ncbi.public,s3.us-east-1",SRX6420732,GSM3933740,Illumina HiSeq 4000,1,SINGLE,cDNA,TRANSCRIPTOMIC,Homo sapiens,G3,ILLUMINA,2021-09-10T00:00:00Z,2019-07-09T13:57:00Z,1,S291,GSM3933740,MCF7,SRP213890
SRR9659952,RNA-Seq,71,8614874,PRJNA553537,SAMN12237558,3397228,MCF7,GEO,Norm,public,"fastq,run.zq,sra","gs,ncbi,s3","gs.us-east1,ncbi.public,s3.us-east-1",SRX6420733,GSM3933741,Illumina HiSeq 4000,1,SINGLE,cDNA,TRANSCRIPTOMIC,Homo sapiens,G4,ILLUMINA,2021-09-10T00:00:00Z,2019-07-09T13:57:00Z,1,S292,GSM3933741,MCF7,SRP213890
SRR9659953,RNA-Seq,69,141555,PRJNA553537,SAMN12237557,141849,MCF7,GEO,Norm,public,"fastq,run.zq,sra","gs,ncbi,s3","gs.us-east1,ncbi.public,s3.us-east-1",SRX6420734,GSM3933742,Illumina HiSeq 4000,1,SINGLE,cDNA,TRANSCRIPTOMIC,Homo sapiens,G5,ILLUMINA,2021-09-10T00:00:00Z,2019-07-09T13:57:00Z,1,S293,GSM3933742,MCF7,SRP213890
SRR9659954,RNA-Seq,73,28461543,PRJNA553537,SAMN12237556,10968129,MCF7,GEO,Norm,public,"fastq,run.zq,sra","gs,ncbi,s3","gs.us-east1,ncbi.public,s3.us-east-1",SRX6420735,GSM3933743,Illumina HiSeq 4000,1,SINGLE,cDNA,TRANSCRIPTOMIC,Homo sapiens,G6,ILLUMINA,2021-09-10T00:00:00Z,2019-07-09T13:57:00Z,1,S294,GSM3933743,MCF7,SRP213890
SRR9659955,RNA-Seq,67,1686515,PRJNA553537,SAMN12237555,755297,MCF7,GEO,hypoxia,public,"fastq,run.zq,sra","gs,ncbi,s3","gs.us-east1,ncbi.public,s3.us-east-1",SRX6420736,GSM3933744,Illumina HiSeq 4000,1,SINGLE,cDNA,TRANSCRIPTOMIC,Homo sapiens,G7,ILLUMINA,2021-09-10T00:00:00Z,2019-07-09T13:57:00Z,1,S313,GSM3933744,MCF7,SRP213890
SRR9659956,RNA-Seq,74,62508230,PRJNA553537,SAMN12237554,24009895,MCF7,GEO,hypoxia,public,"fastq,run.zq,sra","gs,ncbi,s3","gs.us-east1,ncbi.public,s3.us-east-1",SRX6420737,GSM3933745,Illumina HiSeq 4000,1,SINGLE,cDNA,TRANSCRIPTOMIC,Homo sapiens,G8,ILLUMINA,2021-09-10T00:00:00Z,2019-07-09T13:58:00Z,1,S314,GSM3933745,MCF7,SRP213890
SRR9659957,RNA-Seq,72,9296393,PRJNA553537,SAMN12237553,3657149,MCF7,GEO,hypoxia,public,"fastq,run.zq,sra","gs,ncbi,s3","gs.us-east1,ncbi.public,s3.us-east-1",SRX6420738,GSM3933746,Illumina HiSeq 4000,1,SINGLE,cDNA,TRANSCRIPTOMIC,Homo sapiens,G9,ILLUMINA,2021-09-10T00:00:00Z,2019-07-09T13:57:00Z,1,S315,GSM3933746,MCF7,SRP213890
SRR9659958,RNA-Seq,75,75,PRJNA553537,SAMN12237552,77244,MCF7,GEO,Norm,public,"fastq,sra","gs,ncbi,s3","gs.us-east1,ncbi.public,s3.us-east-1",SRX6420739,GSM3933747,Illumina HiSeq 4000,1,SINGLE,cDNA,TRANSCRIPTOMIC,Homo sapiens,H1,ILLUMINA,2021-09-10T00:00:00Z,2019-07-09T13:57:00Z,1,S337,GSM3933747,MCF7,SRP213890
SRR9659959,RNA-Seq,74,108830331,PRJNA553537,SAMN12237551,41937754,MCF7,GEO,hypoxia,public,"fastq,run.zq,sra","gs,ncbi,s3","gs.us-east1,ncbi.public,s3.us-east-1",SRX6420740,GSM3933748,Illumina HiSeq 4000,1,SINGLE,cDNA,TRANSCRIPTOMIC,Homo sapiens,H10,ILLUMINA,2021-09-10T00:00:00Z,2019-07-09T13:58:00Z,1,S364,GSM3933748,MCF7,SRP213890
SRR9659960,RNA-Seq,74,97283889,PRJNA553537,SAMN12237550,37531438,MCF7,GEO,hypoxia,public,"fastq,run.zq,sra","gs,ncbi,s3","gs.us-east1,ncbi.public,s3.us-east-1",SRX6420741,GSM3933749,Illumina HiSeq 4000,1,SINGLE,cDNA,TRANSCRIPTOMIC,Homo sapiens,H11,ILLUMINA,2021-09-10T00:00:00Z,2019-07-09T13:58:00Z,1,S365,GSM3933749,MCF7,SRP213890
SRR9659961,RNA-Seq,74,121870524,PRJNA553537,SAMN12237549,47483589,MCF7,GEO,hypoxia,public,"fastq,run.zq,sra","gs,ncbi,s3","gs.us-east1,ncbi.public,s3.us-east-1",SRX6420742,GSM3933750,Illumina HiSeq 4000,1,SINGLE,cDNA,TRANSCRIPTOMIC,Homo sapiens,H12,ILLUMINA,2021-09-10T00:00:00Z,2019-07-09T13:58:00Z,1,S366,GSM3933750,MCF7,SRP213890
SRR9659962,RNA-Seq,67,1069574,PRJNA553537,SAMN12237548,511800,MCF7,GEO,Norm,public,"fastq,run.zq,sra","gs,ncbi,s3","gs.us-east1,ncbi.public,s3.us-east-1",SRX6420743,GSM3933751,Illumina HiSeq 4000,1,SINGLE,cDNA,TRANSCRIPTOMIC,Homo sapiens,H2,ILLUMINA,2021-09-10T00:00:00Z,2019-07-09T13:57:00Z,1,S338,GSM3933751,MCF7,SRP213890
SRR9659963,RNA-Seq,72,7461685,PRJNA553537,SAMN12237547,2966319,MCF7,GEO,Norm,public,"fastq,run.zq,sra","gs,ncbi,s3","gs.us-east1,ncbi.public,s3.us-east-1",SRX6420744,GSM3933752,Illumina HiSeq 4000,1,SINGLE,cDNA,TRANSCRIPTOMIC,Homo sapiens,H3,ILLUMINA,2021-09-10T00:00:00Z,2019-07-09T13:57:00Z,1,S339,GSM3933752,MCF7,SRP213890
SRR9659964,RNA-Seq,73,29359322,PRJNA553537,SAMN12237546,11299907,MCF7,GEO,Norm,public,"fastq,run.zq,sra","gs,ncbi,s3","gs.us-east1,ncbi.public,s3.us-east-1",SRX6420745,GSM3933753,Illumina HiSeq 4000,1,SINGLE,cDNA,TRANSCRIPTOMIC,Homo sapiens,H4,ILLUMINA,2021-09-10T00:00:00Z,2019-07-09T13:57:00Z,1,S340,GSM3933753,MCF7,SRP213890
SRR9659965,RNA-Seq,70,60548,PRJNA553537,SAMN12237545,110052,MCF7,GEO,Norm,public,"fastq,run.zq,sra","gs,ncbi,s3","gs.us-east1,ncbi.public,s3.us-east-1",SRX6420746,GSM3933754,Illumina HiSeq 4000,1,SINGLE,cDNA,TRANSCRIPTOMIC,Homo sapiens,H5,ILLUMINA,2021-09-10T00:00:00Z,2019-07-09T13:57:00Z,1,S341,GSM3933754,MCF7,SRP213890
SRR9659966,RNA-Seq,74,97755627,PRJNA553537,SAMN12237544,37994435,MCF7,GEO,Norm,public,"fastq,run.zq,sra","gs,ncbi,s3","gs.us-east1,ncbi.public,s3.us-east-1",SRX6420747,GSM3933755,Illumina HiSeq 4000,1,SINGLE,cDNA,TRANSCRIPTOMIC,Homo sapiens,H6,ILLUMINA,2021-09-10T00:00:00Z,2019-07-09T13:58:00Z,1,S342,GSM3933755,MCF7,SRP213890
SRR9659967,RNA-Seq,61,152319,PRJNA553537,SAMN12237543,147199,MCF7,GEO,hypoxia,public,"fastq,run.zq,sra","gs,ncbi,s3","gs.us-east1,ncbi.public,s3.us-east-1",SRX6420748,GSM3933756,Illumina HiSeq 4000,1,SINGLE,cDNA,TRANSCRIPTOMIC,Homo sapiens,H7,ILLUMINA,2021-09-10T00:00:00Z,2019-07-09T13:57:00Z,1,S361,GSM3933756,MCF7,SRP213890
SRR9659968,RNA-Seq,61,425118,PRJNA553537,SAMN12237542,260400,MCF7,GEO,hypoxia,public,"fastq,run.zq,sra","gs,ncbi,s3","gs.us-east1,ncbi.public,s3.us-east-1",SRX6420749,GSM3933757,Illumina HiSeq 4000,1,SINGLE,cDNA,TRANSCRIPTOMIC,Homo sapiens,H8,ILLUMINA,2021-09-10T00:00:00Z,2019-07-09T13:57:00Z,1,S362,GSM3933757,MCF7,SRP213890
SRR9659969,RNA-Seq,73,50059787,PRJNA553537,SAMN12237541,19227577,MCF7,GEO,hypoxia,public,"fastq,run.zq,sra","gs,ncbi,s3","gs.us-east1,ncbi.public,s3.us-east-1",SRX6420750,GSM3933758,Illumina HiSeq 4000,1,SINGLE,cDNA,TRANSCRIPTOMIC,Homo sapiens,H9,ILLUMINA,2021-09-10T00:00:00Z,2019-07-09T13:57:00Z,1,S363,GSM3933758,MCF7,SRP213890
SRR9659970,RNA-Seq,74,126878673,PRJNA553537,SAMN12237540,48906453,MCF7,GEO,Norm,public,"fastq,run.zq,sra","gs,ncbi,s3","gs.us-east1,ncbi.public,s3.us-east-1",SRX6420751,GSM3933759,Illumina HiSeq 4000,2,SINGLE,cDNA,TRANSCRIPTOMIC,Homo sapiens,A1,ILLUMINA,2021-09-10T00:00:00Z,2019-07-09T13:58:00Z,1,S7,GSM3933759,MCF7,SRP213890
SRR9659971,RNA-Seq,74,143489245,PRJNA553537,SAMN12237539,55305473,MCF7,GEO,hypoxia,public,"fastq,run.zq,sra","gs,ncbi,s3","gs.us-east1,ncbi.public,s3.us-east-1",SRX6420752,GSM3933760,Illumina HiSeq 4000,2,SINGLE,cDNA,TRANSCRIPTOMIC,Homo sapiens,A10,ILLUMINA,2021-09-10T00:00:00Z,2019-07-09T13:58:00Z,1,S34,GSM3933760,MCF7,SRP213890
SRR9659972,RNA-Seq,74,98266443,PRJNA553537,SAMN12237538,37961906,MCF7,GEO,hypoxia,public,"fastq,run.zq,sra","gs,ncbi,s3","gs.us-east1,ncbi.public,s3.us-east-1",SRX6420753,GSM3933761,Illumina HiSeq 4000,2,SINGLE,cDNA,TRANSCRIPTOMIC,Homo sapiens,A11,ILLUMINA,2021-09-10T00:00:00Z,2019-07-09T13:58:00Z,1,S35,GSM3933761,MCF7,SRP213890
SRR9659973,RNA-Seq,74,144362031,PRJNA553537,SAMN12237537,55397081,MCF7,GEO,hypoxia,public,"fastq,run.zq,sra","gs,ncbi,s3","gs.us-east1,ncbi.public,s3.us-east-1",SRX6420754,GSM3933762,Illumina HiSeq 4000,2,SINGLE,cDNA,TRANSCRIPTOMIC,Homo sapiens,A12,ILLUMINA,2021-09-10T00:00:00Z,2019-07-09T13:58:00Z,1,S36,GSM3933762,MCF7,SRP213890
SRR9659974,RNA-Seq,74,124898765,PRJNA553537,SAMN12237536,48089558,MCF7,GEO,Norm,public,"fastq,run.zq,sra","gs,ncbi,s3","gs.us-east1,ncbi.public,s3.us-east-1",SRX6420783,GSM3933763,Illumina HiSeq 4000,2,SINGLE,cDNA,TRANSCRIPTOMIC,Homo sapiens,A2,ILLUMINA,2021-09-10T00:00:00Z,2019-07-09T13:58:00Z,1,S8,GSM3933763,MCF7,SRP213890
SRR9659975,RNA-Seq,74,91817163,PRJNA553537,SAMN12237535,35505566,MCF7,GEO,Norm,public,"fastq,run.zq,sra","gs,ncbi,s3","gs.us-east1,ncbi.public,s3.us-east-1",SRX6420784,GSM3933764,Illumina HiSeq 4000,2,SINGLE,cDNA,TRANSCRIPTOMIC,Homo sapiens,A3,ILLUMINA,2021-09-10T00:00:00Z,2019-07-09T13:58:00Z,1,S9,GSM3933764,MCF7,SRP213890
SRR9659976,RNA-Seq,74,72700511,PRJNA553537,SAMN12237534,28102076,MCF7,GEO,Norm,public,"fastq,run.zq,sra","gs,ncbi,s3","gs.us-east1,ncbi.public,s3.us-east-1",SRX6420785,GSM3933765,Illumina HiSeq 4000,2,SINGLE,cDNA,TRANSCRIPTOMIC,Homo sapiens,A4,ILLUMINA,2021-09-10T00:00:00Z,2019-07-09T13:58:00Z,1,S10,GSM3933765,MCF7,SRP213890
SRR9659977,RNA-Seq,74,107640687,PRJNA553537,SAMN12237580,41469353,MCF7,GEO,Norm,public,"fastq,run.zq,sra","gs,ncbi,s3","gs.us-east1,ncbi.public,s3.us-east-1",SRX6420786,GSM3933766,Illumina HiSeq 4000,2,SINGLE,cDNA,TRANSCRIPTOMIC,Homo sapiens,A5,ILLUMINA,2021-09-10T00:00:00Z,2019-07-09T13:58:00Z,1,S11,GSM3933766,MCF7,SRP213890
SRR9659978,RNA-Seq,74,116778412,PRJNA553537,SAMN12237579,44956814,MCF7,GEO,Norm,public,"fastq,run.zq,sra","gs,ncbi,s3","gs.us-east1,ncbi.public,s3.us-east-1",SRX6420787,GSM3933767,Illumina HiSeq 4000,2,SINGLE,cDNA,TRANSCRIPTOMIC,Homo sapiens,A6,ILLUMINA,2021-09-10T00:00:00Z,2019-07-09T13:58:00Z,1,S12,GSM3933767,MCF7,SRP213890
SRR9659979,RNA-Seq,74,122292658,PRJNA553537,SAMN12237578,47126479,MCF7,GEO,hypoxia,public,"fastq,run.zq,sra","gs,ncbi,s3","gs.us-east1,ncbi.public,s3.us-east-1",SRX6420788,GSM3933768,Illumina HiSeq 4000,2,SINGLE,cDNA,TRANSCRIPTOMIC,Homo sapiens,A7,ILLUMINA,2021-09-10T00:00:00Z,2019-07-09T13:58:00Z,1,S31,GSM3933768,MCF7,SRP213890
SRR9659980,RNA-Seq,74,162165684,PRJNA553537,SAMN12237577,62160418,MCF7,GEO,hypoxia,public,"fastq,run.zq,sra","gs,ncbi,s3","gs.us-east1,ncbi.public,s3.us-east-1",SRX6420789,GSM3933769,Illumina HiSeq 4000,2,SINGLE,cDNA,TRANSCRIPTOMIC,Homo sapiens,A8,ILLUMINA,2021-09-10T00:00:00Z,2019-07-09T13:58:00Z,1,S32,GSM3933769,MCF7,SRP213890
SRR9659981,RNA-Seq,74,155469238,PRJNA553537,SAMN12237576,60264585,MCF7,GEO,hypoxia,public,"fastq,run.zq,sra","gs,ncbi,s3","gs.us-east1,ncbi.public,s3.us-east-1",SRX6420790,GSM3933770,Illumina HiSeq 4000,2,SINGLE,cDNA,TRANSCRIPTOMIC,Homo sapiens,A9,ILLUMINA,2021-09-10T00:00:00Z,2019-07-09T13:58:00Z,1,S33,GSM3933770,MCF7,SRP213890
SRR9659982,RNA-Seq,74,92675701,PRJNA553537,SAMN12237575,35906711,MCF7,GEO,Norm,public,"fastq,run.zq,sra","gs,ncbi,s3","gs.us-east1,ncbi.public,s3.us-east-1",SRX6420791,GSM3933771,Illumina HiSeq 4000,2,SINGLE,cDNA,TRANSCRIPTOMIC,Homo sapiens,B1,ILLUMINA,2021-09-10T00:00:00Z,2019-07-09T13:58:00Z,1,S55,GSM3933771,MCF7,SRP213890
SRR9659983,RNA-Seq,74,113460487,PRJNA553537,SAMN12237574,43692716,MCF7,GEO,hypoxia,public,"fastq,run.zq,sra","gs,ncbi,s3","gs.us-east1,ncbi.public,s3.us-east-1",SRX6420792,GSM3933772,Illumina HiSeq 4000,2,SINGLE,cDNA,TRANSCRIPTOMIC,Homo sapiens,B10,ILLUMINA,2021-09-10T00:00:00Z,2019-07-09T13:58:00Z,1,S82,GSM3933772,MCF7,SRP213890
SRR9659984,RNA-Seq,74,146850460,PRJNA553537,SAMN12237573,56461928,MCF7,GEO,hypoxia,public,"fastq,run.zq,sra","gs,ncbi,s3","gs.us-east1,ncbi.public,s3.us-east-1",SRX6420793,GSM3933773,Illumina HiSeq 4000,2,SINGLE,cDNA,TRANSCRIPTOMIC,Homo sapiens,B11,ILLUMINA,2021-09-10T00:00:00Z,2019-07-09T13:58:00Z,1,S83,GSM3933773,MCF7,SRP213890
SRR9659985,RNA-Seq,74,144985660,PRJNA553537,SAMN12237571,55721879,MCF7,GEO,hypoxia,public,"fastq,run.zq,sra","gs,ncbi,s3","gs.us-east1,ncbi.public,s3.us-east-1",SRX6420794,GSM3933774,Illumina HiSeq 4000,2,SINGLE,cDNA,TRANSCRIPTOMIC,Homo sapiens,B12,ILLUMINA,2021-09-10T00:00:00Z,2019-07-09T13:58:00Z,1,S84,GSM3933774,MCF7,SRP213890
SRR9659986,RNA-Seq,74,84909509,PRJNA553537,SAMN12237570,32935672,MCF7,GEO,Norm,public,"fastq,run.zq,sra","gs,ncbi,s3","gs.us-east1,ncbi.public,s3.us-east-1",SRX6420795,GSM3933775,Illumina HiSeq 4000,2,SINGLE,cDNA,TRANSCRIPTOMIC,Homo sapiens,B2,ILLUMINA,2021-09-10T00:00:00Z,2019-07-09T13:58:00Z,1,S56,GSM3933775,MCF7,SRP213890
SRR9659987,RNA-Seq,74,126435672,PRJNA553537,SAMN12237568,48993489,MCF7,GEO,Norm,public,"fastq,run.zq,sra","gs,ncbi,s3","gs.us-east1,ncbi.public,s3.us-east-1",SRX6420796,GSM3933776,Illumina HiSeq 4000,2,SINGLE,cDNA,TRANSCRIPTOMIC,Homo sapiens,B3,ILLUMINA,2021-09-10T00:00:00Z,2019-07-09T13:58:00Z,1,S57,GSM3933776,MCF7,SRP213890
SRR9659988,RNA-Seq,74,121779982,PRJNA553537,SAMN12237567,47000379,MCF7,GEO,Norm,public,"fastq,run.zq,sra","gs,ncbi,s3","gs.us-east1,ncbi.public,s3.us-east-1",SRX6420797,GSM3933777,Illumina HiSeq 4000,2,SINGLE,cDNA,TRANSCRIPTOMIC,Homo sapiens,B4,ILLUMINA,2021-09-10T00:00:00Z,2019-07-09T13:58:00Z,1,S58,GSM3933777,MCF7,SRP213890
SRR9659989,RNA-Seq,74,133280844,PRJNA553537,SAMN12237565,51495647,MCF7,GEO,Norm,public,"fastq,run.zq,sra","gs,ncbi,s3","gs.us-east1,ncbi.public,s3.us-east-1",SRX6420798,GSM3933778,Illumina HiSeq 4000,2,SINGLE,cDNA,TRANSCRIPTOMIC,Homo sapiens,B5,ILLUMINA,2021-09-10T00:00:00Z,2019-07-09T13:58:00Z,1,S59,GSM3933778,MCF7,SRP213890
SRR9659990,RNA-Seq,74,85505758,PRJNA553537,SAMN12237564,33129820,MCF7,GEO,Norm,public,"fastq,run.zq,sra","gs,ncbi,s3","gs.us-east1,ncbi.public,s3.us-east-1",SRX6420799,GSM3933779,Illumina HiSeq 4000,2,SINGLE,cDNA,TRANSCRIPTOMIC,Homo sapiens,B6,ILLUMINA,2021-09-10T00:00:00Z,2019-07-09T13:58:00Z,1,S60,GSM3933779,MCF7,SRP213890
SRR9659991,RNA-Seq,74,77376421,PRJNA553537,SAMN12237563,29776404,MCF7,GEO,hypoxia,public,"fastq,run.zq,sra","gs,ncbi,s3","gs.us-east1,ncbi.public,s3.us-east-1",SRX6420800,GSM3933780,Illumina HiSeq 4000,2,SINGLE,cDNA,TRANSCRIPTOMIC,Homo sapiens,B7,ILLUMINA,2021-09-10T00:00:00Z,2019-07-09T13:58:00Z,1,S79,GSM3933780,MCF7,SRP213890
SRR9659992,RNA-Seq,73,5920874,PRJNA553537,SAMN12237279,2379620,MCF7,GEO,hypoxia,public,"fastq,run.zq,sra","gs,ncbi,s3","gs.us-east1,ncbi.public,s3.us-east-1",SRX6420801,GSM3933781,Illumina HiSeq 4000,2,SINGLE,cDNA,TRANSCRIPTOMIC,Homo sapiens,B8,ILLUMINA,2021-09-10T00:00:00Z,2019-07-09T13:57:00Z,1,S80,GSM3933781,MCF7,SRP213890
SRR9659993,RNA-Seq,74,84610532,PRJNA553537,SAMN12237278,32933188,MCF7,GEO,hypoxia,public,"fastq,run.zq,sra","gs,ncbi,s3","gs.us-east1,ncbi.public,s3.us-east-1",SRX6420802,GSM3933782,Illumina HiSeq 4000,2,SINGLE,cDNA,TRANSCRIPTOMIC,Homo sapiens,B9,ILLUMINA,2021-09-10T00:00:00Z,2019-07-09T13:58:00Z,1,S81,GSM3933782,MCF7,SRP213890
SRR9659994,RNA-Seq,74,106407618,PRJNA553537,SAMN12237562,41195956,MCF7,GEO,Norm,public,"fastq,run.zq,sra","gs,ncbi,s3","gs.us-east1,ncbi.public,s3.us-east-1",SRX6420803,GSM3933783,Illumina HiSeq 4000,2,SINGLE,cDNA,TRANSCRIPTOMIC,Homo sapiens,C1,ILLUMINA,2021-09-10T00:00:00Z,2019-07-09T13:58:00Z,1,S103,GSM3933783,MCF7,SRP213890
SRR9659995,RNA-Seq,74,137982533,PRJNA553537,SAMN12237561,53040261,MCF7,GEO,hypoxia,public,"fastq,run.zq,sra","gs,ncbi,s3","gs.us-east1,ncbi.public,s3.us-east-1",SRX6420804,GSM3933784,Illumina HiSeq 4000,2,SINGLE,cDNA,TRANSCRIPTOMIC,Homo sapiens,C10,ILLUMINA,2021-09-10T00:00:00Z,2019-07-09T13:58:00Z,1,S130,GSM3933784,MCF7,SRP213890
SRR9659996,RNA-Seq,74,144755104,PRJNA553537,SAMN12237281,55921558,MCF7,GEO,hypoxia,public,"fastq,run.zq,sra","gs,ncbi,s3","gs.us-east1,ncbi.public,s3.us-east-1",SRX6420805,GSM3933785,Illumina HiSeq 4000,2,SINGLE,cDNA,TRANSCRIPTOMIC,Homo sapiens,C11,ILLUMINA,2021-09-10T00:00:00Z,2019-07-09T13:58:00Z,1,S131,GSM3933785,MCF7,SRP213890
SRR9659997,RNA-Seq,74,167034192,PRJNA553537,SAMN12237280,64039225,MCF7,GEO,hypoxia,public,"fastq,run.zq,sra","gs,ncbi,s3","gs.us-east1,ncbi.public,s3.us-east-1",SRX6420806,GSM3933786,Illumina HiSeq 4000,2,SINGLE,cDNA,TRANSCRIPTOMIC,Homo sapiens,C12,ILLUMINA,2021-09-10T00:00:00Z,2019-07-09T13:58:00Z,1,S132,GSM3933786,MCF7,SRP213890
SRR9659998,RNA-Seq,74,128921250,PRJNA553537,SAMN12237277,49665428,MCF7,GEO,Norm,public,"fastq,run.zq,sra","gs,ncbi,s3","gs.us-east1,ncbi.public,s3.us-east-1",SRX6420807,GSM3933787,Illumina HiSeq 4000,2,SINGLE,cDNA,TRANSCRIPTOMIC,Homo sapiens,C2,ILLUMINA,2021-09-10T00:00:00Z,2019-07-09T13:58:00Z,1,S104,GSM3933787,MCF7,SRP213890
SRR9659999,RNA-Seq,74,138057915,PRJNA553537,SAMN12237276,53395017,MCF7,GEO,Norm,public,"fastq,run.zq,sra","gs,ncbi,s3","gs.us-east1,ncbi.public,s3.us-east-1",SRX6420808,GSM3933788,Illumina HiSeq 4000,2,SINGLE,cDNA,TRANSCRIPTOMIC,Homo sapiens,C3,ILLUMINA,2021-09-10T00:00:00Z,2019-07-09T13:58:00Z,1,S105,GSM3933788,MCF7,SRP213890
SRR9660000,RNA-Seq,74,125143381,PRJNA553537,SAMN12237321,48161845,MCF7,GEO,Norm,public,"fastq,run.zq,sra","gs,ncbi,s3","gs.us-east1,ncbi.public,s3.us-east-1",SRX6420809,GSM3933789,Illumina HiSeq 4000,2,SINGLE,cDNA,TRANSCRIPTOMIC,Homo sapiens,C4,ILLUMINA,2021-09-10T00:00:00Z,2019-07-09T13:58:00Z,1,S106,GSM3933789,MCF7,SRP213890
SRR9660001,RNA-Seq,74,114896269,PRJNA553537,SAMN12237320,44351630,MCF7,GEO,Norm,public,"fastq,run.zq,sra","gs,ncbi,s3","gs.us-east1,ncbi.public,s3.us-east-1",SRX6420810,GSM3933790,Illumina HiSeq 4000,2,SINGLE,cDNA,TRANSCRIPTOMIC,Homo sapiens,C5,ILLUMINA,2021-09-10T00:00:00Z,2019-07-09T13:58:00Z,1,S107,GSM3933790,MCF7,SRP213890
SRR9660002,RNA-Seq,74,131392849,PRJNA553537,SAMN12237319,50553358,MCF7,GEO,Norm,public,"fastq,run.zq,sra","gs,ncbi,s3","gs.us-east1,ncbi.public,s3.us-east-1",SRX6420811,GSM3933791,Illumina HiSeq 4000,2,SINGLE,cDNA,TRANSCRIPTOMIC,Homo sapiens,C6,ILLUMINA,2021-09-10T00:00:00Z,2019-07-09T13:58:00Z,1,S108,GSM3933791,MCF7,SRP213890
SRR9660003,RNA-Seq,74,179279207,PRJNA553537,SAMN12237318,69259470,MCF7,GEO,hypoxia,public,"fastq,run.zq,sra","gs,ncbi,s3","gs.us-east1,ncbi.public,s3.us-east-1",SRX6420812,GSM3933792,Illumina HiSeq 4000,2,SINGLE,cDNA,TRANSCRIPTOMIC,Homo sapiens,C7,ILLUMINA,2021-09-10T00:00:00Z,2019-07-09T13:58:00Z,1,S127,GSM3933792,MCF7,SRP213890
SRR9660004,RNA-Seq,74,107390180,PRJNA553537,SAMN12237317,41652777,MCF7,GEO,hypoxia,public,"fastq,run.zq,sra","gs,ncbi,s3","gs.us-east1,ncbi.public,s3.us-east-1",SRX6420813,GSM3933793,Illumina HiSeq 4000,2,SINGLE,cDNA,TRANSCRIPTOMIC,Homo sapiens,C8,ILLUMINA,2021-09-10T00:00:00Z,2019-07-09T13:58:00Z,1,S128,GSM3933793,MCF7,SRP213890
SRR9660005,RNA-Seq,74,114125134,PRJNA553537,SAMN12237315,44341375,MCF7,GEO,hypoxia,public,"fastq,run.zq,sra","gs,ncbi,s3","gs.us-east1,ncbi.public,s3.us-east-1",SRX6420814,GSM3933794,Illumina HiSeq 4000,2,SINGLE,cDNA,TRANSCRIPTOMIC,Homo sapiens,C9,ILLUMINA,2021-09-10T00:00:00Z,2019-07-09T13:58:00Z,1,S129,GSM3933794,MCF7,SRP213890
SRR9660006,RNA-Seq,74,109485093,PRJNA553537,SAMN12237314,42393058,MCF7,GEO,Norm,public,"fastq,run.zq,sra","gs,ncbi,s3","gs.us-east1,ncbi.public,s3.us-east-1",SRX6420815,GSM3933795,Illumina HiSeq 4000,2,SINGLE,cDNA,TRANSCRIPTOMIC,Homo sapiens,D1,ILLUMINA,2021-09-10T00:00:00Z,2019-07-09T13:58:00Z,1,S151,GSM3933795,MCF7,SRP213890
SRR9660007,RNA-Seq,74,73856156,PRJNA553537,SAMN12237313,28798449,MCF7,GEO,hypoxia,public,"fastq,run.zq,sra","gs,ncbi,s3","gs.us-east1,ncbi.public,s3.us-east-1",SRX6420816,GSM3933796,Illumina HiSeq 4000,2,SINGLE,cDNA,TRANSCRIPTOMIC,Homo sapiens,D10,ILLUMINA,2021-09-10T00:00:00Z,2019-07-09T13:58:00Z,1,S178,GSM3933796,MCF7,SRP213890
SRR9660008,RNA-Seq,74,139697085,PRJNA553537,SAMN12237312,54254717,MCF7,GEO,hypoxia,public,"fastq,run.zq,sra","gs,ncbi,s3","gs.us-east1,ncbi.public,s3.us-east-1",SRX6420817,GSM3933797,Illumina HiSeq 4000,2,SINGLE,cDNA,TRANSCRIPTOMIC,Homo sapiens,D11,ILLUMINA,2021-09-10T00:00:00Z,2019-07-09T13:58:00Z,1,S179,GSM3933797,MCF7,SRP213890
SRR9660009,RNA-Seq,74,128561933,PRJNA553537,SAMN12237311,49842337,MCF7,GEO,hypoxia,public,"fastq,run.zq,sra","gs,ncbi,s3","gs.us-east1,ncbi.public,s3.us-east-1",SRX6420818,GSM3933798,Illumina HiSeq 4000,2,SINGLE,cDNA,TRANSCRIPTOMIC,Homo sapiens,D12,ILLUMINA,2021-09-10T00:00:00Z,2019-07-09T13:58:00Z,1,S180,GSM3933798,MCF7,SRP213890
SRR9660010,RNA-Seq,74,97066699,PRJNA553537,SAMN12237310,37552541,MCF7,GEO,Norm,public,"fastq,run.zq,sra","gs,ncbi,s3","gs.us-east1,ncbi.public,s3.us-east-1",SRX6420819,GSM3933799,Illumina HiSeq 4000,2,SINGLE,cDNA,TRANSCRIPTOMIC,Homo sapiens,D2,ILLUMINA,2021-09-10T00:00:00Z,2019-07-09T13:58:00Z,1,S152,GSM3933799,MCF7,SRP213890
SRR9660011,RNA-Seq,74,122265045,PRJNA553537,SAMN12237309,47382999,MCF7,GEO,Norm,public,"fastq,run.zq,sra","gs,ncbi,s3","gs.us-east1,ncbi.public,s3.us-east-1",SRX6420820,GSM3933800,Illumina HiSeq 4000,2,SINGLE,cDNA,TRANSCRIPTOMIC,Homo sapiens,D3,ILLUMINA,2021-09-10T00:00:00Z,2019-07-09T13:58:00Z,1,S153,GSM3933800,MCF7,SRP213890
SRR9660012,RNA-Seq,74,131958597,PRJNA553537,SAMN12237308,50731975,MCF7,GEO,Norm,public,"fastq,run.zq,sra","gs,ncbi,s3","gs.us-east1,ncbi.public,s3.us-east-1",SRX6420821,GSM3933801,Illumina HiSeq 4000,2,SINGLE,cDNA,TRANSCRIPTOMIC,Homo sapiens,D4,ILLUMINA,2021-09-10T00:00:00Z,2019-07-09T13:58:00Z,1,S154,GSM3933801,MCF7,SRP213890
SRR9660013,RNA-Seq,66,472566,PRJNA553537,SAMN12237307,277541,MCF7,GEO,Norm,public,"fastq,run.zq,sra","gs,ncbi,s3","gs.us-east1,ncbi.public,s3.us-east-1",SRX6420822,GSM3933802,Illumina HiSeq 4000,2,SINGLE,cDNA,TRANSCRIPTOMIC,Homo sapiens,D5,ILLUMINA,2021-09-10T00:00:00Z,2019-07-09T13:57:00Z,1,S155,GSM3933802,MCF7,SRP213890
SRR9660014,RNA-Seq,74,95050543,PRJNA553537,SAMN12237306,36791656,MCF7,GEO,Norm,public,"fastq,run.zq,sra","gs,ncbi,s3","gs.us-east1,ncbi.public,s3.us-east-1",SRX6420823,GSM3933803,Illumina HiSeq 4000,2,SINGLE,cDNA,TRANSCRIPTOMIC,Homo sapiens,D6,ILLUMINA,2021-09-10T00:00:00Z,2019-07-09T13:58:00Z,1,S156,GSM3933803,MCF7,SRP213890
SRR9660015,RNA-Seq,73,33585849,PRJNA553537,SAMN12237305,13009950,MCF7,GEO,hypoxia,public,"fastq,run.zq,sra","gs,ncbi,s3","gs.us-east1,ncbi.public,s3.us-east-1",SRX6420824,GSM3933804,Illumina HiSeq 4000,2,SINGLE,cDNA,TRANSCRIPTOMIC,Homo sapiens,D7,ILLUMINA,2021-09-10T00:00:00Z,2019-07-09T13:58:00Z,1,S175,GSM3933804,MCF7,SRP213890
SRR9660016,RNA-Seq,67,3795,PRJNA553537,SAMN12237304,85360,MCF7,GEO,hypoxia,public,"fastq,run.zq,sra","gs,ncbi,s3","gs.us-east1,ncbi.public,s3.us-east-1",SRX6420825,GSM3933805,Illumina HiSeq 4000,2,SINGLE,cDNA,TRANSCRIPTOMIC,Homo sapiens,D8,ILLUMINA,2021-09-10T00:00:00Z,2019-07-09T13:57:00Z,1,S176,GSM3933805,MCF7,SRP213890
SRR9660017,RNA-Seq,73,82674242,PRJNA553537,SAMN12237303,31955461,MCF7,GEO,hypoxia,public,"fastq,run.zq,sra","gs,ncbi,s3","gs.us-east1,ncbi.public,s3.us-east-1",SRX6420826,GSM3933806,Illumina HiSeq 4000,2,SINGLE,cDNA,TRANSCRIPTOMIC,Homo sapiens,D9,ILLUMINA,2021-09-10T00:00:00Z,2019-07-09T13:58:00Z,1,S177,GSM3933806,MCF7,SRP213890
SRR9660018,RNA-Seq,73,25823512,PRJNA553537,SAMN12237302,9978291,MCF7,GEO,Norm,public,"fastq,run.zq,sra","gs,ncbi,s3","gs.us-east1,ncbi.public,s3.us-east-1",SRX6420827,GSM3933807,Illumina HiSeq 4000,2,SINGLE,cDNA,TRANSCRIPTOMIC,Homo sapiens,E1,ILLUMINA,2021-09-10T00:00:00Z,2019-07-09T13:57:00Z,1,S199,GSM3933807,MCF7,SRP213890
SRR9660019,RNA-Seq,74,129697693,PRJNA553537,SAMN12237301,49981726,MCF7,GEO,hypoxia,public,"fastq,run.zq,sra","gs,ncbi,s3","gs.us-east1,ncbi.public,s3.us-east-1",SRX6420828,GSM3933808,Illumina HiSeq 4000,2,SINGLE,cDNA,TRANSCRIPTOMIC,Homo sapiens,E10,ILLUMINA,2021-09-10T00:00:00Z,2019-07-09T13:58:00Z,1,S226,GSM3933808,MCF7,SRP213890
SRR9660020,RNA-Seq,74,137288117,PRJNA553537,SAMN12237300,52861751,MCF7,GEO,hypoxia,public,"fastq,run.zq,sra","gs,ncbi,s3","gs.us-east1,ncbi.public,s3.us-east-1",SRX6420829,GSM3933809,Illumina HiSeq 4000,2,SINGLE,cDNA,TRANSCRIPTOMIC,Homo sapiens,E11,ILLUMINA,2021-09-10T00:00:00Z,2019-07-09T13:58:00Z,1,S227,GSM3933809,MCF7,SRP213890
SRR9660021,RNA-Seq,74,155462841,PRJNA553537,SAMN12237299,59685765,MCF7,GEO,hypoxia,public,"fastq,run.zq,sra","gs,ncbi,s3","gs.us-east1,ncbi.public,s3.us-east-1",SRX6420830,GSM3933810,Illumina HiSeq 4000,2,SINGLE,cDNA,TRANSCRIPTOMIC,Homo sapiens,E12,ILLUMINA,2021-09-10T00:00:00Z,2019-07-09T13:58:00Z,1,S228,GSM3933810,MCF7,SRP213890
SRR9660022,RNA-Seq,73,24519033,PRJNA553537,SAMN12237298,9465950,MCF7,GEO,Norm,public,"fastq,run.zq,sra","gs,ncbi,s3","gs.us-east1,ncbi.public,s3.us-east-1",SRX6420831,GSM3933811,Illumina HiSeq 4000,2,SINGLE,cDNA,TRANSCRIPTOMIC,Homo sapiens,E2,ILLUMINA,2021-09-10T00:00:00Z,2019-07-09T13:57:00Z,1,S200,GSM3933811,MCF7,SRP213890
SRR9660023,RNA-Seq,74,122119236,PRJNA553537,SAMN12237297,47400547,MCF7,GEO,Norm,public,"fastq,run.zq,sra","gs,ncbi,s3","gs.us-east1,ncbi.public,s3.us-east-1",SRX6420832,GSM3933812,Illumina HiSeq 4000,2,SINGLE,cDNA,TRANSCRIPTOMIC,Homo sapiens,E3,ILLUMINA,2021-09-10T00:00:00Z,2019-07-09T13:58:00Z,1,S201,GSM3933812,MCF7,SRP213890
SRR9660024,RNA-Seq,74,120846723,PRJNA553537,SAMN12237452,46612119,MCF7,GEO,Norm,public,"fastq,run.zq,sra","gs,ncbi,s3","gs.us-east1,ncbi.public,s3.us-east-1",SRX6420833,GSM3933813,Illumina HiSeq 4000,2,SINGLE,cDNA,TRANSCRIPTOMIC,Homo sapiens,E4,ILLUMINA,2021-09-10T00:00:00Z,2019-07-09T13:58:00Z,1,S202,GSM3933813,MCF7,SRP213890
SRR9660025,RNA-Seq,74,114745063,PRJNA553537,SAMN12237451,44538086,MCF7,GEO,Norm,public,"fastq,run.zq,sra","gs,ncbi,s3","gs.us-east1,ncbi.public,s3.us-east-1",SRX6420834,GSM3933814,Illumina HiSeq 4000,2,SINGLE,cDNA,TRANSCRIPTOMIC,Homo sapiens,E5,ILLUMINA,2021-09-10T00:00:00Z,2019-07-09T13:58:00Z,1,S203,GSM3933814,MCF7,SRP213890
SRR9660026,RNA-Seq,74,118749030,PRJNA553537,SAMN12237365,45923725,MCF7,GEO,Norm,public,"fastq,run.zq,sra","gs,ncbi,s3","gs.us-east1,ncbi.public,s3.us-east-1",SRX6420835,GSM3933815,Illumina HiSeq 4000,2,SINGLE,cDNA,TRANSCRIPTOMIC,Homo sapiens,E6,ILLUMINA,2021-09-10T00:00:00Z,2019-07-09T13:58:00Z,1,S204,GSM3933815,MCF7,SRP213890
SRR9660027,RNA-Seq,74,132289303,PRJNA553537,SAMN12237364,51001402,MCF7,GEO,hypoxia,public,"fastq,run.zq,sra","gs,ncbi,s3","gs.us-east1,ncbi.public,s3.us-east-1",SRX6420836,GSM3933816,Illumina HiSeq 4000,2,SINGLE,cDNA,TRANSCRIPTOMIC,Homo sapiens,E7,ILLUMINA,2021-09-10T00:00:00Z,2019-07-09T13:58:00Z,1,S223,GSM3933816,MCF7,SRP213890
SRR9660028,RNA-Seq,74,152231320,PRJNA553537,SAMN12237363,58661441,MCF7,GEO,hypoxia,public,"fastq,run.zq,sra","gs,ncbi,s3","gs.us-east1,ncbi.public,s3.us-east-1",SRX6420837,GSM3933817,Illumina HiSeq 4000,2,SINGLE,cDNA,TRANSCRIPTOMIC,Homo sapiens,E8,ILLUMINA,2021-09-10T00:00:00Z,2019-07-09T13:58:00Z,1,S224,GSM3933817,MCF7,SRP213890
SRR9660029,RNA-Seq,74,116933428,PRJNA553537,SAMN12237362,45261507,MCF7,GEO,hypoxia,public,"fastq,run.zq,sra","gs,ncbi,s3","gs.us-east1,ncbi.public,s3.us-east-1",SRX6420838,GSM3933818,Illumina HiSeq 4000,2,SINGLE,cDNA,TRANSCRIPTOMIC,Homo sapiens,E9,ILLUMINA,2021-09-10T00:00:00Z,2019-07-09T13:58:00Z,1,S225,GSM3933818,MCF7,SRP213890
SRR9660030,RNA-Seq,74,106025663,PRJNA553537,SAMN12237360,40943583,MCF7,GEO,Norm,public,"fastq,run.zq,sra","gs,ncbi,s3","gs.us-east1,ncbi.public,s3.us-east-1",SRX6420839,GSM3933819,Illumina HiSeq 4000,2,SINGLE,cDNA,TRANSCRIPTOMIC,Homo sapiens,F1,ILLUMINA,2021-09-10T00:00:00Z,2019-07-09T13:58:00Z,1,S247,GSM3933819,MCF7,SRP213890
SRR9660031,RNA-Seq,74,71317339,PRJNA553537,SAMN12237359,27685300,MCF7,GEO,hypoxia,public,"fastq,run.zq,sra","gs,ncbi,s3","gs.us-east1,ncbi.public,s3.us-east-1",SRX6420840,GSM3933820,Illumina HiSeq 4000,2,SINGLE,cDNA,TRANSCRIPTOMIC,Homo sapiens,F10,ILLUMINA,2021-09-10T00:00:00Z,2019-07-09T13:58:00Z,1,S274,GSM3933820,MCF7,SRP213890
SRR9660032,RNA-Seq,74,77870489,PRJNA553537,SAMN12237358,30230148,MCF7,GEO,hypoxia,public,"fastq,run.zq,sra","gs,ncbi,s3","gs.us-east1,ncbi.public,s3.us-east-1",SRX6420841,GSM3933821,Illumina HiSeq 4000,2,SINGLE,cDNA,TRANSCRIPTOMIC,Homo sapiens,F11,ILLUMINA,2021-09-10T00:00:00Z,2019-07-09T13:58:00Z,1,S275,GSM3933821,MCF7,SRP213890
SRR9660033,RNA-Seq,74,131421321,PRJNA553537,SAMN12237356,50451700,MCF7,GEO,hypoxia,public,"fastq,run.zq,sra","gs,ncbi,s3","gs.us-east1,ncbi.public,s3.us-east-1",SRX6420842,GSM3933822,Illumina HiSeq 4000,2,SINGLE,cDNA,TRANSCRIPTOMIC,Homo sapiens,F12,ILLUMINA,2021-09-10T00:00:00Z,2019-07-09T13:58:00Z,1,S276,GSM3933822,MCF7,SRP213890
SRR9660034,RNA-Seq,74,123942760,PRJNA553537,SAMN12237355,47717718,MCF7,GEO,Norm,public,"fastq,run.zq,sra","gs,ncbi,s3","gs.us-east1,ncbi.public,s3.us-east-1",SRX6420843,GSM3933823,Illumina HiSeq 4000,2,SINGLE,cDNA,TRANSCRIPTOMIC,Homo sapiens,F2,ILLUMINA,2021-09-10T00:00:00Z,2019-07-09T13:58:00Z,1,S248,GSM3933823,MCF7,SRP213890
SRR9660035,RNA-Seq,74,132886812,PRJNA553537,SAMN12237354,51169872,MCF7,GEO,Norm,public,"fastq,run.zq,sra","gs,ncbi,s3","gs.us-east1,ncbi.public,s3.us-east-1",SRX6420844,GSM3933824,Illumina HiSeq 4000,2,SINGLE,cDNA,TRANSCRIPTOMIC,Homo sapiens,F3,ILLUMINA,2021-09-10T00:00:00Z,2019-07-09T13:58:00Z,1,S249,GSM3933824,MCF7,SRP213890
SRR9660036,RNA-Seq,74,125620203,PRJNA553537,SAMN12237353,48277715,MCF7,GEO,Norm,public,"fastq,run.zq,sra","gs,ncbi,s3","gs.us-east1,ncbi.public,s3.us-east-1",SRX6420845,GSM3933825,Illumina HiSeq 4000,2,SINGLE,cDNA,TRANSCRIPTOMIC,Homo sapiens,F4,ILLUMINA,2021-09-10T00:00:00Z,2019-07-09T13:58:00Z,1,S250,GSM3933825,MCF7,SRP213890
SRR9660037,RNA-Seq,74,126690655,PRJNA553537,SAMN12237351,48665302,MCF7,GEO,Norm,public,"fastq,run.zq,sra","gs,ncbi,s3","gs.us-east1,ncbi.public,s3.us-east-1",SRX6420846,GSM3933826,Illumina HiSeq 4000,2,SINGLE,cDNA,TRANSCRIPTOMIC,Homo sapiens,F5,ILLUMINA,2021-09-10T00:00:00Z,2019-07-09T13:58:00Z,1,S251,GSM3933826,MCF7,SRP213890
SRR9660038,RNA-Seq,74,132819580,PRJNA553537,SAMN12237350,51053762,MCF7,GEO,Norm,public,"fastq,run.zq,sra","gs,ncbi,s3","gs.us-east1,ncbi.public,s3.us-east-1",SRX6420847,GSM3933827,Illumina HiSeq 4000,2,SINGLE,cDNA,TRANSCRIPTOMIC,Homo sapiens,F6,ILLUMINA,2021-09-10T00:00:00Z,2019-07-09T13:58:00Z,1,S252,GSM3933827,MCF7,SRP213890
SRR9660039,RNA-Seq,74,107545724,PRJNA553537,SAMN12237348,41713230,MCF7,GEO,hypoxia,public,"fastq,run.zq,sra","gs,ncbi,s3","gs.us-east1,ncbi.public,s3.us-east-1",SRX6420848,GSM3933828,Illumina HiSeq 4000,2,SINGLE,cDNA,TRANSCRIPTOMIC,Homo sapiens,F7,ILLUMINA,2021-09-10T00:00:00Z,2019-07-09T13:58:00Z,1,S271,GSM3933828,MCF7,SRP213890
SRR9660040,RNA-Seq,74,108719588,PRJNA553537,SAMN12237347,42065401,MCF7,GEO,hypoxia,public,"fastq,run.zq,sra","gs,ncbi,s3","gs.us-east1,ncbi.public,s3.us-east-1",SRX6420849,GSM3933829,Illumina HiSeq 4000,2,SINGLE,cDNA,TRANSCRIPTOMIC,Homo sapiens,F8,ILLUMINA,2021-09-10T00:00:00Z,2019-07-09T13:58:00Z,1,S272,GSM3933829,MCF7,SRP213890
SRR9660041,RNA-Seq,74,111958675,PRJNA553537,SAMN12237345,43353512,MCF7,GEO,hypoxia,public,"fastq,run.zq,sra","gs,ncbi,s3","gs.us-east1,ncbi.public,s3.us-east-1",SRX6420850,GSM3933830,Illumina HiSeq 4000,2,SINGLE,cDNA,TRANSCRIPTOMIC,Homo sapiens,F9,ILLUMINA,2021-09-10T00:00:00Z,2019-07-09T13:58:00Z,1,S273,GSM3933830,MCF7,SRP213890
SRR9660042,RNA-Seq,73,46270040,PRJNA553537,SAMN12237484,17679235,MCF7,GEO,Norm,public,"fastq,run.zq,sra","gs,ncbi,s3","gs.us-east1,ncbi.public,s3.us-east-1",SRX6420851,GSM3933831,Illumina HiSeq 4000,2,SINGLE,cDNA,TRANSCRIPTOMIC,Homo sapiens,G1,ILLUMINA,2021-09-10T00:00:00Z,2019-07-09T13:58:00Z,1,S295,GSM3933831,MCF7,SRP213890
SRR9660043,RNA-Seq,74,97279075,PRJNA553537,SAMN12237482,37520477,MCF7,GEO,hypoxia,public,"fastq,run.zq,sra","gs,ncbi,s3","gs.us-east1,ncbi.public,s3.us-east-1",SRX6420852,GSM3933832,Illumina HiSeq 4000,2,SINGLE,cDNA,TRANSCRIPTOMIC,Homo sapiens,G10,ILLUMINA,2021-09-10T00:00:00Z,2019-07-09T13:58:00Z,1,S322,GSM3933832,MCF7,SRP213890
SRR9660044,RNA-Seq,74,71289242,PRJNA553537,SAMN12237481,27348799,MCF7,GEO,hypoxia,public,"fastq,run.zq,sra","gs,ncbi,s3","gs.us-east1,ncbi.public,s3.us-east-1",SRX6420853,GSM3933833,Illumina HiSeq 4000,2,SINGLE,cDNA,TRANSCRIPTOMIC,Homo sapiens,G11,ILLUMINA,2021-09-10T00:00:00Z,2019-07-09T13:58:00Z,1,S323,GSM3933833,MCF7,SRP213890
SRR9660045,RNA-Seq,74,46107966,PRJNA553537,SAMN12237479,17732764,MCF7,GEO,hypoxia,public,"fastq,run.zq,sra","gs,ncbi,s3","gs.us-east1,ncbi.public,s3.us-east-1",SRX6420854,GSM3933834,Illumina HiSeq 4000,2,SINGLE,cDNA,TRANSCRIPTOMIC,Homo sapiens,G12,ILLUMINA,2021-09-10T00:00:00Z,2019-07-09T13:58:00Z,1,S324,GSM3933834,MCF7,SRP213890
SRR9660046,RNA-Seq,74,137376931,PRJNA553537,SAMN12237478,52654451,MCF7,GEO,Norm,public,"fastq,run.zq,sra","gs,ncbi,s3","gs.us-east1,ncbi.public,s3.us-east-1",SRX6420855,GSM3933835,Illumina HiSeq 4000,2,SINGLE,cDNA,TRANSCRIPTOMIC,Homo sapiens,G2,ILLUMINA,2021-09-10T00:00:00Z,2019-07-09T13:58:00Z,1,S296,GSM3933835,MCF7,SRP213890
SRR9660047,RNA-Seq,74,48346732,PRJNA553537,SAMN12237477,18591009,MCF7,GEO,Norm,public,"fastq,run.zq,sra","gs,ncbi,s3","gs.us-east1,ncbi.public,s3.us-east-1",SRX6420856,GSM3933836,Illumina HiSeq 4000,2,SINGLE,cDNA,TRANSCRIPTOMIC,Homo sapiens,G3,ILLUMINA,2021-09-10T00:00:00Z,2019-07-09T13:58:00Z,1,S297,GSM3933836,MCF7,SRP213890
SRR9660048,RNA-Seq,74,80740679,PRJNA553537,SAMN12237475,30962285,MCF7,GEO,Norm,public,"fastq,run.zq,sra","gs,ncbi,s3","gs.us-east1,ncbi.public,s3.us-east-1",SRX6420857,GSM3933837,Illumina HiSeq 4000,2,SINGLE,cDNA,TRANSCRIPTOMIC,Homo sapiens,G4,ILLUMINA,2021-09-10T00:00:00Z,2019-07-09T13:58:00Z,1,S298,GSM3933837,MCF7,SRP213890
SRR9660049,RNA-Seq,74,121006977,PRJNA553537,SAMN12237473,46559513,MCF7,GEO,Norm,public,"fastq,run.zq,sra","gs,ncbi,s3","gs.us-east1,ncbi.public,s3.us-east-1",SRX6420858,GSM3933838,Illumina HiSeq 4000,2,SINGLE,cDNA,TRANSCRIPTOMIC,Homo sapiens,G5,ILLUMINA,2021-09-10T00:00:00Z,2019-07-09T13:58:00Z,1,S299,GSM3933838,MCF7,SRP213890
SRR9660050,RNA-Seq,74,91375970,PRJNA553537,SAMN12237472,35140684,MCF7,GEO,Norm,public,"fastq,run.zq,sra","gs,ncbi,s3","gs.us-east1,ncbi.public,s3.us-east-1",SRX6420859,GSM3933839,Illumina HiSeq 4000,2,SINGLE,cDNA,TRANSCRIPTOMIC,Homo sapiens,G6,ILLUMINA,2021-09-10T00:00:00Z,2019-07-09T13:58:00Z,1,S300,GSM3933839,MCF7,SRP213890
SRR9660051,RNA-Seq,73,30409548,PRJNA553537,SAMN12237470,11700594,MCF7,GEO,hypoxia,public,"fastq,run.zq,sra","gs,ncbi,s3","gs.us-east1,ncbi.public,s3.us-east-1",SRX6420860,GSM3933840,Illumina HiSeq 4000,2,SINGLE,cDNA,TRANSCRIPTOMIC,Homo sapiens,G7,ILLUMINA,2021-09-10T00:00:00Z,2019-07-09T13:58:00Z,1,S319,GSM3933840,MCF7,SRP213890
SRR9660052,RNA-Seq,73,75383364,PRJNA553537,SAMN12237469,28865274,MCF7,GEO,hypoxia,public,"fastq,run.zq,sra","gs,ncbi,s3","gs.us-east1,ncbi.public,s3.us-east-1",SRX6420861,GSM3933841,Illumina HiSeq 4000,2,SINGLE,cDNA,TRANSCRIPTOMIC,Homo sapiens,G8,ILLUMINA,2021-09-10T00:00:00Z,2019-07-09T13:58:00Z,1,S320,GSM3933841,MCF7,SRP213890
SRR9660053,RNA-Seq,74,64645241,PRJNA553537,SAMN12237467,24923663,MCF7,GEO,hypoxia,public,"fastq,run.zq,sra","gs,ncbi,s3","gs.us-east1,ncbi.public,s3.us-east-1",SRX6420862,GSM3933842,Illumina HiSeq 4000,2,SINGLE,cDNA,TRANSCRIPTOMIC,Homo sapiens,G9,ILLUMINA,2021-09-10T00:00:00Z,2019-07-09T13:58:00Z,1,S321,GSM3933842,MCF7,SRP213890
SRR9660054,RNA-Seq,74,91066466,PRJNA553537,SAMN12237344,35104493,MCF7,GEO,Norm,public,"fastq,run.zq,sra","gs,ncbi,s3","gs.us-east1,ncbi.public,s3.us-east-1",SRX6420863,GSM3933843,Illumina HiSeq 4000,2,SINGLE,cDNA,TRANSCRIPTOMIC,Homo sapiens,H1,ILLUMINA,2021-09-10T00:00:00Z,2019-07-09T13:58:00Z,1,S343,GSM3933843,MCF7,SRP213890
SRR9660055,RNA-Seq,74,91616518,PRJNA553537,SAMN12237343,35299766,MCF7,GEO,hypoxia,public,"fastq,run.zq,sra","gs,ncbi,s3","gs.us-east1,ncbi.public,s3.us-east-1",SRX6420864,GSM3933844,Illumina HiSeq 4000,2,SINGLE,cDNA,TRANSCRIPTOMIC,Homo sapiens,H10,ILLUMINA,2021-09-10T00:00:00Z,2019-07-09T13:58:00Z,1,S370,GSM3933844,MCF7,SRP213890
SRR9660056,RNA-Seq,74,58318755,PRJNA553537,SAMN12237342,22576528,MCF7,GEO,hypoxia,public,"fastq,run.zq,sra","gs,ncbi,s3","gs.us-east1,ncbi.public,s3.us-east-1",SRX6420865,GSM3933845,Illumina HiSeq 4000,2,SINGLE,cDNA,TRANSCRIPTOMIC,Homo sapiens,H11,ILLUMINA,2021-09-10T00:00:00Z,2019-07-09T13:58:00Z,1,S371,GSM3933845,MCF7,SRP213890
SRR9660057,RNA-Seq,70,2675091,PRJNA553537,SAMN12237341,1132855,MCF7,GEO,hypoxia,public,"fastq,run.zq,sra","gs,ncbi,s3","gs.us-east1,ncbi.public,s3.us-east-1",SRX6420866,GSM3933846,Illumina HiSeq 4000,2,SINGLE,cDNA,TRANSCRIPTOMIC,Homo sapiens,H12,ILLUMINA,2021-09-10T00:00:00Z,2019-07-09T13:57:00Z,1,S372,GSM3933846,MCF7,SRP213890
SRR9660058,RNA-Seq,74,75110737,PRJNA553537,SAMN12237340,29102917,MCF7,GEO,Norm,public,"fastq,run.zq,sra","gs,ncbi,s3","gs.us-east1,ncbi.public,s3.us-east-1",SRX6420867,GSM3933847,Illumina HiSeq 4000,2,SINGLE,cDNA,TRANSCRIPTOMIC,Homo sapiens,H2,ILLUMINA,2021-09-10T00:00:00Z,2019-07-09T13:58:00Z,1,S344,GSM3933847,MCF7,SRP213890
SRR9660059,RNA-Seq,74,35952216,PRJNA553537,SAMN12237339,13963106,MCF7,GEO,Norm,public,"fastq,run.zq,sra","gs,ncbi,s3","gs.us-east1,ncbi.public,s3.us-east-1",SRX6420868,GSM3933848,Illumina HiSeq 4000,2,SINGLE,cDNA,TRANSCRIPTOMIC,Homo sapiens,H3,ILLUMINA,2021-09-10T00:00:00Z,2019-07-09T13:58:00Z,1,S345,GSM3933848,MCF7,SRP213890
SRR9660060,RNA-Seq,74,59410753,PRJNA553537,SAMN12237338,22972176,MCF7,GEO,Norm,public,"fastq,run.zq,sra","gs,ncbi,s3","gs.us-east1,ncbi.public,s3.us-east-1",SRX6420869,GSM3933849,Illumina HiSeq 4000,2,SINGLE,cDNA,TRANSCRIPTOMIC,Homo sapiens,H4,ILLUMINA,2021-09-10T00:00:00Z,2019-07-09T13:58:00Z,1,S346,GSM3933849,MCF7,SRP213890
SRR9660061,RNA-Seq,74,42770325,PRJNA553537,SAMN12237337,16563645,MCF7,GEO,Norm,public,"fastq,run.zq,sra","gs,ncbi,s3","gs.us-east1,ncbi.public,s3.us-east-1",SRX6420870,GSM3933850,Illumina HiSeq 4000,2,SINGLE,cDNA,TRANSCRIPTOMIC,Homo sapiens,H5,ILLUMINA,2021-09-10T00:00:00Z,2019-07-09T13:58:00Z,1,S347,GSM3933850,MCF7,SRP213890
SRR9660062,RNA-Seq,74,65389516,PRJNA553537,SAMN12237336,25310059,MCF7,GEO,Norm,public,"fastq,run.zq,sra","gs,ncbi,s3","gs.us-east1,ncbi.public,s3.us-east-1",SRX6420871,GSM3933851,Illumina HiSeq 4000,2,SINGLE,cDNA,TRANSCRIPTOMIC,Homo sapiens,H6,ILLUMINA,2021-09-10T00:00:00Z,2019-07-09T13:58:00Z,1,S348,GSM3933851,MCF7,SRP213890
SRR9660063,RNA-Seq,74,106823736,PRJNA553537,SAMN12237335,41045082,MCF7,GEO,hypoxia,public,"fastq,run.zq,sra","gs,ncbi,s3","gs.us-east1,ncbi.public,s3.us-east-1",SRX6420872,GSM3933852,Illumina HiSeq 4000,2,SINGLE,cDNA,TRANSCRIPTOMIC,Homo sapiens,H7,ILLUMINA,2021-09-10T00:00:00Z,2019-07-09T13:58:00Z,1,S367,GSM3933852,MCF7,SRP213890
SRR9660064,RNA-Seq,74,129966320,PRJNA553537,SAMN12237334,50070057,MCF7,GEO,hypoxia,public,"fastq,run.zq,sra","gs,ncbi,s3","gs.us-east1,ncbi.public,s3.us-east-1",SRX6420873,GSM3933853,Illumina HiSeq 4000,2,SINGLE,cDNA,TRANSCRIPTOMIC,Homo sapiens,H8,ILLUMINA,2021-09-10T00:00:00Z,2019-07-09T13:58:00Z,1,S368,GSM3933853,MCF7,SRP213890
SRR9660065,RNA-Seq,73,67345338,PRJNA553537,SAMN12237333,25818900,MCF7,GEO,hypoxia,public,"fastq,run.zq,sra","gs,ncbi,s3","gs.us-east1,ncbi.public,s3.us-east-1",SRX6420874,GSM3933854,Illumina HiSeq 4000,2,SINGLE,cDNA,TRANSCRIPTOMIC,Homo sapiens,H9,ILLUMINA,2021-09-10T00:00:00Z,2019-07-09T13:58:00Z,1,S369,GSM3933854,MCF7,SRP213890
SRR9660066,RNA-Seq,74,124120643,PRJNA553537,SAMN12237332,47678633,MCF7,GEO,Norm,public,"fastq,run.zq,sra","gs,ncbi,s3","gs.us-east1,ncbi.public,s3.us-east-1",SRX6420875,GSM3933855,Illumina HiSeq 4000,3,SINGLE,cDNA,TRANSCRIPTOMIC,Homo sapiens,A1,ILLUMINA,2021-09-10T00:00:00Z,2019-07-09T13:58:00Z,1,S13,GSM3933855,MCF7,SRP213890
SRR9660067,RNA-Seq,74,86001334,PRJNA553537,SAMN12237331,33375631,MCF7,GEO,hypoxia,public,"fastq,run.zq,sra","gs,ncbi,s3","gs.us-east1,ncbi.public,s3.us-east-1",SRX6420876,GSM3933856,Illumina HiSeq 4000,3,SINGLE,cDNA,TRANSCRIPTOMIC,Homo sapiens,A10,ILLUMINA,2021-09-10T00:00:00Z,2019-07-09T13:58:00Z,1,S40,GSM3933856,MCF7,SRP213890
SRR9660068,RNA-Seq,74,95940688,PRJNA553537,SAMN12237330,37206033,MCF7,GEO,hypoxia,public,"fastq,run.zq,sra","gs,ncbi,s3","gs.us-east1,ncbi.public,s3.us-east-1",SRX6420877,GSM3933857,Illumina HiSeq 4000,3,SINGLE,cDNA,TRANSCRIPTOMIC,Homo sapiens,A11,ILLUMINA,2021-09-10T00:00:00Z,2019-07-09T13:58:00Z,1,S41,GSM3933857,MCF7,SRP213890
SRR9660069,RNA-Seq,74,65731611,PRJNA553537,SAMN12237329,25468236,MCF7,GEO,hypoxia,public,"fastq,run.zq,sra","gs,ncbi,s3","gs.us-east1,ncbi.public,s3.us-east-1",SRX6420878,GSM3933858,Illumina HiSeq 4000,3,SINGLE,cDNA,TRANSCRIPTOMIC,Homo sapiens,A12,ILLUMINA,2021-09-10T00:00:00Z,2019-07-09T13:58:00Z,1,S42,GSM3933858,MCF7,SRP213890
SRR9660070,RNA-Seq,74,105948967,PRJNA553537,SAMN12237328,40951786,MCF7,GEO,Norm,public,"fastq,run.zq,sra","gs,ncbi,s3","gs.us-east1,ncbi.public,s3.us-east-1",SRX6420879,GSM3933859,Illumina HiSeq 4000,3,SINGLE,cDNA,TRANSCRIPTOMIC,Homo sapiens,A2,ILLUMINA,2021-09-10T00:00:00Z,2019-07-09T13:58:00Z,1,S14,GSM3933859,MCF7,SRP213890
SRR9660071,RNA-Seq,74,89679673,PRJNA553537,SAMN12237327,34555365,MCF7,GEO,Norm,public,"fastq,run.zq,sra","gs,ncbi,s3","gs.us-east1,ncbi.public,s3.us-east-1",SRX6420880,GSM3933860,Illumina HiSeq 4000,3,SINGLE,cDNA,TRANSCRIPTOMIC,Homo sapiens,A3,ILLUMINA,2021-09-10T00:00:00Z,2019-07-09T13:58:00Z,1,S15,GSM3933860,MCF7,SRP213890
SRR9660072,RNA-Seq,74,69103925,PRJNA553537,SAMN12237326,26782907,MCF7,GEO,Norm,public,"fastq,run.zq,sra","gs,ncbi,s3","gs.us-east1,ncbi.public,s3.us-east-1",SRX6420881,GSM3933861,Illumina HiSeq 4000,3,SINGLE,cDNA,TRANSCRIPTOMIC,Homo sapiens,A4,ILLUMINA,2021-09-10T00:00:00Z,2019-07-09T13:58:00Z,1,S16,GSM3933861,MCF7,SRP213890
SRR9660073,RNA-Seq,74,115784253,PRJNA553537,SAMN12237325,44746387,MCF7,GEO,Norm,public,"fastq,run.zq,sra","gs,ncbi,s3","gs.us-east1,ncbi.public,s3.us-east-1",SRX6420882,GSM3933862,Illumina HiSeq 4000,3,SINGLE,cDNA,TRANSCRIPTOMIC,Homo sapiens,A5,ILLUMINA,2021-09-10T00:00:00Z,2019-07-09T13:58:00Z,1,S17,GSM3933862,MCF7,SRP213890
SRR9660074,RNA-Seq,74,71009307,PRJNA553537,SAMN12237324,27481179,MCF7,GEO,Norm,public,"fastq,run.zq,sra","gs,ncbi,s3","gs.us-east1,ncbi.public,s3.us-east-1",SRX6420883,GSM3933863,Illumina HiSeq 4000,3,SINGLE,cDNA,TRANSCRIPTOMIC,Homo sapiens,A6,ILLUMINA,2021-09-10T00:00:00Z,2019-07-09T13:58:00Z,1,S18,GSM3933863,MCF7,SRP213890
SRR9660075,RNA-Seq,74,105394095,PRJNA553537,SAMN12237323,40673312,MCF7,GEO,hypoxia,public,"fastq,run.zq,sra","gs,ncbi,s3","gs.us-east1,ncbi.public,s3.us-east-1",SRX6420884,GSM3933864,Illumina HiSeq 4000,3,SINGLE,cDNA,TRANSCRIPTOMIC,Homo sapiens,A7,ILLUMINA,2021-09-10T00:00:00Z,2019-07-09T13:58:00Z,1,S37,GSM3933864,MCF7,SRP213890
SRR9660076,RNA-Seq,74,77554165,PRJNA553537,SAMN12237322,30059583,MCF7,GEO,hypoxia,public,"fastq,run.zq,sra","gs,ncbi,s3","gs.us-east1,ncbi.public,s3.us-east-1",SRX6420885,GSM3933865,Illumina HiSeq 4000,3,SINGLE,cDNA,TRANSCRIPTOMIC,Homo sapiens,A8,ILLUMINA,2021-09-10T00:00:00Z,2019-07-09T13:58:00Z,1,S38,GSM3933865,MCF7,SRP213890
SRR9660077,RNA-Seq,74,137789451,PRJNA553537,SAMN12237459,52873768,MCF7,GEO,hypoxia,public,"fastq,run.zq,sra","gs,ncbi,s3","gs.us-east1,ncbi.public,s3.us-east-1",SRX6420886,GSM3933866,Illumina HiSeq 4000,3,SINGLE,cDNA,TRANSCRIPTOMIC,Homo sapiens,A9,ILLUMINA,2021-09-10T00:00:00Z,2019-07-09T13:58:00Z,1,S39,GSM3933866,MCF7,SRP213890
SRR9660078,RNA-Seq,74,101254663,PRJNA553537,SAMN12237458,39206237,MCF7,GEO,Norm,public,"fastq,run.zq,sra","gs,ncbi,s3","gs.us-east1,ncbi.public,s3.us-east-1",SRX6420887,GSM3933867,Illumina HiSeq 4000,3,SINGLE,cDNA,TRANSCRIPTOMIC,Homo sapiens,B1,ILLUMINA,2021-09-10T00:00:00Z,2019-07-09T13:58:00Z,1,S61,GSM3933867,MCF7,SRP213890
SRR9660079,RNA-Seq,74,129891047,PRJNA553537,SAMN12237457,50083165,MCF7,GEO,hypoxia,public,"fastq,run.zq,sra","gs,ncbi,s3","gs.us-east1,ncbi.public,s3.us-east-1",SRX6420888,GSM3933868,Illumina HiSeq 4000,3,SINGLE,cDNA,TRANSCRIPTOMIC,Homo sapiens,B10,ILLUMINA,2021-09-10T00:00:00Z,2019-07-09T13:58:00Z,1,S88,GSM3933868,MCF7,SRP213890
SRR9660080,RNA-Seq,74,143197466,PRJNA553537,SAMN12237456,55415126,MCF7,GEO,hypoxia,public,"fastq,run.zq,sra","gs,ncbi,s3","gs.us-east1,ncbi.public,s3.us-east-1",SRX6420889,GSM3933869,Illumina HiSeq 4000,3,SINGLE,cDNA,TRANSCRIPTOMIC,Homo sapiens,B11,ILLUMINA,2021-09-10T00:00:00Z,2019-07-09T13:58:00Z,1,S89,GSM3933869,MCF7,SRP213890
SRR9660081,RNA-Seq,74,114505903,PRJNA553537,SAMN12237465,44160588,MCF7,GEO,hypoxia,public,"fastq,run.zq,sra","gs,ncbi,s3","gs.us-east1,ncbi.public,s3.us-east-1",SRX6420890,GSM3933870,Illumina HiSeq 4000,3,SINGLE,cDNA,TRANSCRIPTOMIC,Homo sapiens,B12,ILLUMINA,2021-09-10T00:00:00Z,2019-07-09T13:58:00Z,1,S90,GSM3933870,MCF7,SRP213890
SRR9660082,RNA-Seq,74,84022816,PRJNA553537,SAMN12237463,32699647,MCF7,GEO,Norm,public,"fastq,run.zq,sra","gs,ncbi,s3","gs.us-east1,ncbi.public,s3.us-east-1",SRX6420891,GSM3933871,Illumina HiSeq 4000,3,SINGLE,cDNA,TRANSCRIPTOMIC,Homo sapiens,B2,ILLUMINA,2021-09-10T00:00:00Z,2019-07-09T13:58:00Z,1,S62,GSM3933871,MCF7,SRP213890
SRR9660083,RNA-Seq,74,98807803,PRJNA553537,SAMN12237462,38159636,MCF7,GEO,Norm,public,"fastq,run.zq,sra","gs,ncbi,s3","gs.us-east1,ncbi.public,s3.us-east-1",SRX6420892,GSM3933872,Illumina HiSeq 4000,3,SINGLE,cDNA,TRANSCRIPTOMIC,Homo sapiens,B3,ILLUMINA,2021-09-10T00:00:00Z,2019-07-09T13:58:00Z,1,S63,GSM3933872,MCF7,SRP213890
SRR9660084,RNA-Seq,74,115061805,PRJNA553537,SAMN12237455,44511732,MCF7,GEO,Norm,public,"fastq,run.zq,sra","gs,ncbi,s3","gs.us-east1,ncbi.public,s3.us-east-1",SRX6420893,GSM3933873,Illumina HiSeq 4000,3,SINGLE,cDNA,TRANSCRIPTOMIC,Homo sapiens,B4,ILLUMINA,2021-09-10T00:00:00Z,2019-07-09T13:58:00Z,1,S64,GSM3933873,MCF7,SRP213890
SRR9660085,RNA-Seq,74,126895810,PRJNA553537,SAMN12237454,49074506,MCF7,GEO,Norm,public,"fastq,run.zq,sra","gs,ncbi,s3","gs.us-east1,ncbi.public,s3.us-east-1",SRX6420894,GSM3933874,Illumina HiSeq 4000,3,SINGLE,cDNA,TRANSCRIPTOMIC,Homo sapiens,B5,ILLUMINA,2021-09-10T00:00:00Z,2019-07-09T13:58:00Z,1,S65,GSM3933874,MCF7,SRP213890
SRR9660086,RNA-Seq,74,70762341,PRJNA553537,SAMN12237453,27474716,MCF7,GEO,Norm,public,"fastq,run.zq,sra","gs,ncbi,s3","gs.us-east1,ncbi.public,s3.us-east-1",SRX6420895,GSM3933875,Illumina HiSeq 4000,3,SINGLE,cDNA,TRANSCRIPTOMIC,Homo sapiens,B6,ILLUMINA,2021-09-10T00:00:00Z,2019-07-09T13:58:00Z,1,S66,GSM3933875,MCF7,SRP213890
SRR9660087,RNA-Seq,74,91237292,PRJNA553537,SAMN12237466,35326025,MCF7,GEO,hypoxia,public,"fastq,run.zq,sra","gs,ncbi,s3","gs.us-east1,ncbi.public,s3.us-east-1",SRX6420896,GSM3933876,Illumina HiSeq 4000,3,SINGLE,cDNA,TRANSCRIPTOMIC,Homo sapiens,B7,ILLUMINA,2021-09-10T00:00:00Z,2019-07-09T13:58:00Z,1,S85,GSM3933876,MCF7,SRP213890
SRR9660088,RNA-Seq,74,104301424,PRJNA553537,SAMN12237460,40407430,MCF7,GEO,hypoxia,public,"fastq,run.zq,sra","gs,ncbi,s3","gs.us-east1,ncbi.public,s3.us-east-1",SRX6420897,GSM3933877,Illumina HiSeq 4000,3,SINGLE,cDNA,TRANSCRIPTOMIC,Homo sapiens,B8,ILLUMINA,2021-09-10T00:00:00Z,2019-07-09T13:58:00Z,1,S86,GSM3933877,MCF7,SRP213890
SRR9660089,RNA-Seq,74,86759978,PRJNA553537,SAMN12237513,33348426,MCF7,GEO,hypoxia,public,"fastq,run.zq,sra","gs,ncbi,s3","gs.us-east1,ncbi.public,s3.us-east-1",SRX6420898,GSM3933878,Illumina HiSeq 4000,3,SINGLE,cDNA,TRANSCRIPTOMIC,Homo sapiens,B9,ILLUMINA,2021-09-10T00:00:00Z,2019-07-09T13:58:00Z,1,S87,GSM3933878,MCF7,SRP213890
SRR9660090,RNA-Seq,74,117247745,PRJNA553537,SAMN12237512,45235669,MCF7,GEO,Norm,public,"fastq,run.zq,sra","gs,ncbi,s3","gs.us-east1,ncbi.public,s3.us-east-1",SRX6420899,GSM3933879,Illumina HiSeq 4000,3,SINGLE,cDNA,TRANSCRIPTOMIC,Homo sapiens,C1,ILLUMINA,2021-09-10T00:00:00Z,2019-07-09T13:58:00Z,1,S109,GSM3933879,MCF7,SRP213890
SRR9660091,RNA-Seq,74,113480003,PRJNA553537,SAMN12237510,43750237,MCF7,GEO,hypoxia,public,"fastq,run.zq,sra","gs,ncbi,s3","gs.us-east1,ncbi.public,s3.us-east-1",SRX6420900,GSM3933880,Illumina HiSeq 4000,3,SINGLE,cDNA,TRANSCRIPTOMIC,Homo sapiens,C10,ILLUMINA,2021-09-10T00:00:00Z,2019-07-09T13:58:00Z,1,S136,GSM3933880,MCF7,SRP213890
SRR9660092,RNA-Seq,74,103619785,PRJNA553537,SAMN12237509,40278619,MCF7,GEO,hypoxia,public,"fastq,run.zq,sra","gs,ncbi,s3","gs.us-east1,ncbi.public,s3.us-east-1",SRX6420901,GSM3933881,Illumina HiSeq 4000,3,SINGLE,cDNA,TRANSCRIPTOMIC,Homo sapiens,C11,ILLUMINA,2021-09-10T00:00:00Z,2019-07-09T13:58:00Z,1,S137,GSM3933881,MCF7,SRP213890
SRR9660093,RNA-Seq,74,137808113,PRJNA553537,SAMN12237507,53290088,MCF7,GEO,hypoxia,public,"fastq,run.zq,sra","gs,ncbi,s3","gs.us-east1,ncbi.public,s3.us-east-1",SRX6420902,GSM3933882,Illumina HiSeq 4000,3,SINGLE,cDNA,TRANSCRIPTOMIC,Homo sapiens,C12,ILLUMINA,2021-09-10T00:00:00Z,2019-07-09T13:58:00Z,1,S138,GSM3933882,MCF7,SRP213890
SRR9660094,RNA-Seq,74,96949212,PRJNA553537,SAMN12237506,37625972,MCF7,GEO,Norm,public,"fastq,run.zq,sra","gs,ncbi,s3","gs.us-east1,ncbi.public,s3.us-east-1",SRX6420903,GSM3933883,Illumina HiSeq 4000,3,SINGLE,cDNA,TRANSCRIPTOMIC,Homo sapiens,C2,ILLUMINA,2021-09-10T00:00:00Z,2019-07-09T13:58:00Z,1,S110,GSM3933883,MCF7,SRP213890
SRR9660095,RNA-Seq,74,107194408,PRJNA553537,SAMN12237505,41211834,MCF7,GEO,Norm,public,"fastq,run.zq,sra","gs,ncbi,s3","gs.us-east1,ncbi.public,s3.us-east-1",SRX6420904,GSM3933884,Illumina HiSeq 4000,3,SINGLE,cDNA,TRANSCRIPTOMIC,Homo sapiens,C3,ILLUMINA,2021-09-10T00:00:00Z,2019-07-09T13:58:00Z,1,S111,GSM3933884,MCF7,SRP213890
SRR9660096,RNA-Seq,74,109976360,PRJNA553537,SAMN12237504,42547551,MCF7,GEO,Norm,public,"fastq,run.zq,sra","gs,ncbi,s3","gs.us-east1,ncbi.public,s3.us-east-1",SRX6420905,GSM3933885,Illumina HiSeq 4000,3,SINGLE,cDNA,TRANSCRIPTOMIC,Homo sapiens,C4,ILLUMINA,2021-09-10T00:00:00Z,2019-07-09T13:58:00Z,1,S112,GSM3933885,MCF7,SRP213890
SRR9660097,RNA-Seq,74,118883851,PRJNA553537,SAMN12237502,45771853,MCF7,GEO,Norm,public,"fastq,run.zq,sra","gs,ncbi,s3","gs.us-east1,ncbi.public,s3.us-east-1",SRX6420906,GSM3933886,Illumina HiSeq 4000,3,SINGLE,cDNA,TRANSCRIPTOMIC,Homo sapiens,C5,ILLUMINA,2021-09-10T00:00:00Z,2019-07-09T13:58:00Z,1,S113,GSM3933886,MCF7,SRP213890
SRR9660098,RNA-Seq,74,90434166,PRJNA553537,SAMN12237501,35049872,MCF7,GEO,Norm,public,"fastq,run.zq,sra","gs,ncbi,s3","gs.us-east1,ncbi.public,s3.us-east-1",SRX6420907,GSM3933887,Illumina HiSeq 4000,3,SINGLE,cDNA,TRANSCRIPTOMIC,Homo sapiens,C6,ILLUMINA,2021-09-10T00:00:00Z,2019-07-09T13:58:00Z,1,S114,GSM3933887,MCF7,SRP213890
SRR9660099,RNA-Seq,74,111780336,PRJNA553537,SAMN12237500,43165915,MCF7,GEO,hypoxia,public,"fastq,run.zq,sra","gs,ncbi,s3","gs.us-east1,ncbi.public,s3.us-east-1",SRX6420908,GSM3933888,Illumina HiSeq 4000,3,SINGLE,cDNA,TRANSCRIPTOMIC,Homo sapiens,C7,ILLUMINA,2021-09-10T00:00:00Z,2019-07-09T13:58:00Z,1,S133,GSM3933888,MCF7,SRP213890
SRR9660100,RNA-Seq,74,95206661,PRJNA553537,SAMN12237499,36972111,MCF7,GEO,hypoxia,public,"fastq,run.zq,sra","gs,ncbi,s3","gs.us-east1,ncbi.public,s3.us-east-1",SRX6420909,GSM3933889,Illumina HiSeq 4000,3,SINGLE,cDNA,TRANSCRIPTOMIC,Homo sapiens,C8,ILLUMINA,2021-09-10T00:00:00Z,2019-07-09T13:58:00Z,1,S134,GSM3933889,MCF7,SRP213890
SRR9660101,RNA-Seq,74,77072903,PRJNA553537,SAMN12237497,29915582,MCF7,GEO,hypoxia,public,"fastq,run.zq,sra","gs,ncbi,s3","gs.us-east1,ncbi.public,s3.us-east-1",SRX6420910,GSM3933890,Illumina HiSeq 4000,3,SINGLE,cDNA,TRANSCRIPTOMIC,Homo sapiens,C9,ILLUMINA,2021-09-10T00:00:00Z,2019-07-09T13:58:00Z,1,S135,GSM3933890,MCF7,SRP213890
SRR9660102,RNA-Seq,74,92974621,PRJNA553537,SAMN12237496,36028061,MCF7,GEO,Norm,public,"fastq,run.zq,sra","gs,ncbi,s3","gs.us-east1,ncbi.public,s3.us-east-1",SRX6420911,GSM3933891,Illumina HiSeq 4000,3,SINGLE,cDNA,TRANSCRIPTOMIC,Homo sapiens,D1,ILLUMINA,2021-09-10T00:00:00Z,2019-07-09T13:58:00Z,1,S157,GSM3933891,MCF7,SRP213890
SRR9660103,RNA-Seq,74,74060197,PRJNA553537,SAMN12237495,28775529,MCF7,GEO,hypoxia,public,"fastq,run.zq,sra","gs,ncbi,s3","gs.us-east1,ncbi.public,s3.us-east-1",SRX6420912,GSM3933892,Illumina HiSeq 4000,3,SINGLE,cDNA,TRANSCRIPTOMIC,Homo sapiens,D10,ILLUMINA,2021-09-10T00:00:00Z,2019-07-09T13:58:00Z,1,S184,GSM3933892,MCF7,SRP213890
SRR9660104,RNA-Seq,74,60808692,PRJNA553537,SAMN12237494,23822410,MCF7,GEO,hypoxia,public,"fastq,run.zq,sra","gs,ncbi,s3","gs.us-east1,ncbi.public,s3.us-east-1",SRX6420913,GSM3933893,Illumina HiSeq 4000,3,SINGLE,cDNA,TRANSCRIPTOMIC,Homo sapiens,D11,ILLUMINA,2021-09-10T00:00:00Z,2019-07-09T13:58:00Z,1,S185,GSM3933893,MCF7,SRP213890
SRR9660105,RNA-Seq,74,97489283,PRJNA553537,SAMN12237492,37973704,MCF7,GEO,hypoxia,public,"fastq,run.zq,sra","gs,ncbi,s3","gs.us-east1,ncbi.public,s3.us-east-1",SRX6420914,GSM3933894,Illumina HiSeq 4000,3,SINGLE,cDNA,TRANSCRIPTOMIC,Homo sapiens,D12,ILLUMINA,2021-09-10T00:00:00Z,2019-07-09T13:58:00Z,1,S186,GSM3933894,MCF7,SRP213890
SRR9660106,RNA-Seq,74,99757428,PRJNA553537,SAMN12237491,38694900,MCF7,GEO,Norm,public,"fastq,run.zq,sra","gs,ncbi,s3","gs.us-east1,ncbi.public,s3.us-east-1",SRX6420915,GSM3933895,Illumina HiSeq 4000,3,SINGLE,cDNA,TRANSCRIPTOMIC,Homo sapiens,D2,ILLUMINA,2021-09-10T00:00:00Z,2019-07-09T13:58:00Z,1,S158,GSM3933895,MCF7,SRP213890
SRR9660107,RNA-Seq,67,114275,PRJNA553537,SAMN12237489,131339,MCF7,GEO,Norm,public,"fastq,run.zq,sra","gs,ncbi,s3","gs.us-east1,ncbi.public,s3.us-east-1",SRX6420916,GSM3933896,Illumina HiSeq 4000,3,SINGLE,cDNA,TRANSCRIPTOMIC,Homo sapiens,D3,ILLUMINA,2021-09-10T00:00:00Z,2019-07-09T13:57:00Z,1,S159,GSM3933896,MCF7,SRP213890
SRR9660108,RNA-Seq,67,633839,PRJNA553537,SAMN12237488,340528,MCF7,GEO,Norm,public,"fastq,run.zq,sra","gs,ncbi,s3","gs.us-east1,ncbi.public,s3.us-east-1",SRX6420917,GSM3933897,Illumina HiSeq 4000,3,SINGLE,cDNA,TRANSCRIPTOMIC,Homo sapiens,D4,ILLUMINA,2021-09-10T00:00:00Z,2019-07-09T13:57:00Z,1,S160,GSM3933897,MCF7,SRP213890
SRR9660109,RNA-Seq,74,92914019,PRJNA553537,SAMN12237487,35792541,MCF7,GEO,Norm,public,"fastq,run.zq,sra","gs,ncbi,s3","gs.us-east1,ncbi.public,s3.us-east-1",SRX6420918,GSM3933898,Illumina HiSeq 4000,3,SINGLE,cDNA,TRANSCRIPTOMIC,Homo sapiens,D5,ILLUMINA,2021-09-10T00:00:00Z,2019-07-09T13:58:00Z,1,S161,GSM3933898,MCF7,SRP213890
SRR9660110,RNA-Seq,74,42174511,PRJNA553537,SAMN12237486,16373009,MCF7,GEO,Norm,public,"fastq,run.zq,sra","gs,ncbi,s3","gs.us-east1,ncbi.public,s3.us-east-1",SRX6420919,GSM3933899,Illumina HiSeq 4000,3,SINGLE,cDNA,TRANSCRIPTOMIC,Homo sapiens,D6,ILLUMINA,2021-09-10T00:00:00Z,2019-07-09T13:58:00Z,1,S162,GSM3933899,MCF7,SRP213890
SRR9660111,RNA-Seq,74,93502440,PRJNA553537,SAMN12237485,36394015,MCF7,GEO,hypoxia,public,"fastq,run.zq,sra","gs,ncbi,s3","gs.us-east1,ncbi.public,s3.us-east-1",SRX6420920,GSM3933900,Illumina HiSeq 4000,3,SINGLE,cDNA,TRANSCRIPTOMIC,Homo sapiens,D7,ILLUMINA,2021-09-10T00:00:00Z,2019-07-09T13:58:00Z,1,S181,GSM3933900,MCF7,SRP213890
SRR9660112,RNA-Seq,74,94168764,PRJNA553537,SAMN12237533,37134690,MCF7,GEO,hypoxia,public,"fastq,run.zq,sra","gs,ncbi,s3","gs.us-east1,ncbi.public,s3.us-east-1",SRX6420921,GSM3933901,Illumina HiSeq 4000,3,SINGLE,cDNA,TRANSCRIPTOMIC,Homo sapiens,D8,ILLUMINA,2021-09-10T00:00:00Z,2019-07-09T13:58:00Z,1,S182,GSM3933901,MCF7,SRP213890
SRR9660113,RNA-Seq,74,94708321,PRJNA553537,SAMN12237532,36673576,MCF7,GEO,hypoxia,public,"fastq,run.zq,sra","gs,ncbi,s3","gs.us-east1,ncbi.public,s3.us-east-1",SRX6420922,GSM3933902,Illumina HiSeq 4000,3,SINGLE,cDNA,TRANSCRIPTOMIC,Homo sapiens,D9,ILLUMINA,2021-09-10T00:00:00Z,2019-07-09T13:58:00Z,1,S183,GSM3933902,MCF7,SRP213890
SRR9660114,RNA-Seq,74,99301033,PRJNA553537,SAMN12237177,38564422,MCF7,GEO,Norm,public,"fastq,run.zq,sra","gs,ncbi,s3","gs.us-east1,ncbi.public,s3.us-east-1",SRX6420923,GSM3933903,Illumina HiSeq 4000,3,SINGLE,cDNA,TRANSCRIPTOMIC,Homo sapiens,E1,ILLUMINA,2021-09-10T00:00:00Z,2019-07-09T13:58:00Z,1,S205,GSM3933903,MCF7,SRP213890
SRR9660115,RNA-Seq,73,8320633,PRJNA553537,SAMN12237176,3310539,MCF7,GEO,hypoxia,public,"fastq,run.zq,sra","gs,ncbi,s3","gs.us-east1,ncbi.public,s3.us-east-1",SRX6420924,GSM3933904,Illumina HiSeq 4000,3,SINGLE,cDNA,TRANSCRIPTOMIC,Homo sapiens,E10,ILLUMINA,2021-09-10T00:00:00Z,2019-07-09T13:58:00Z,1,S232,GSM3933904,MCF7,SRP213890
SRR9660116,RNA-Seq,74,119705633,PRJNA553537,SAMN12237175,46389143,MCF7,GEO,hypoxia,public,"fastq,run.zq,sra","gs,ncbi,s3","gs.us-east1,ncbi.public,s3.us-east-1",SRX6420925,GSM3933905,Illumina HiSeq 4000,3,SINGLE,cDNA,TRANSCRIPTOMIC,Homo sapiens,E11,ILLUMINA,2021-09-10T00:00:00Z,2019-07-09T13:58:00Z,1,S233,GSM3933905,MCF7,SRP213890
SRR9660117,RNA-Seq,74,120185655,PRJNA553537,SAMN12237174,46504907,MCF7,GEO,hypoxia,public,"fastq,run.zq,sra","gs,ncbi,s3","gs.us-east1,ncbi.public,s3.us-east-1",SRX6420926,GSM3933906,Illumina HiSeq 4000,3,SINGLE,cDNA,TRANSCRIPTOMIC,Homo sapiens,E12,ILLUMINA,2021-09-10T00:00:00Z,2019-07-09T13:58:00Z,1,S234,GSM3933906,MCF7,SRP213890
SRR9660118,RNA-Seq,74,110333377,PRJNA553537,SAMN12237173,42861879,MCF7,GEO,Norm,public,"fastq,run.zq,sra","gs,ncbi,s3","gs.us-east1,ncbi.public,s3.us-east-1",SRX6420927,GSM3933907,Illumina HiSeq 4000,3,SINGLE,cDNA,TRANSCRIPTOMIC,Homo sapiens,E2,ILLUMINA,2021-09-10T00:00:00Z,2019-07-09T13:58:00Z,1,S206,GSM3933907,MCF7,SRP213890
SRR9660119,RNA-Seq,73,7163094,PRJNA553537,SAMN12237172,2860703,MCF7,GEO,Norm,public,"fastq,run.zq,sra","gs,ncbi,s3","gs.us-east1,ncbi.public,s3.us-east-1",SRX6420928,GSM3933908,Illumina HiSeq 4000,3,SINGLE,cDNA,TRANSCRIPTOMIC,Homo sapiens,E3,ILLUMINA,2021-09-10T00:00:00Z,2019-07-09T13:58:00Z,1,S207,GSM3933908,MCF7,SRP213890
SRR9660120,RNA-Seq,74,92331841,PRJNA553537,SAMN12237171,35880439,MCF7,GEO,Norm,public,"fastq,run.zq,sra","gs,ncbi,s3","gs.us-east1,ncbi.public,s3.us-east-1",SRX6420929,GSM3933909,Illumina HiSeq 4000,3,SINGLE,cDNA,TRANSCRIPTOMIC,Homo sapiens,E4,ILLUMINA,2021-09-10T00:00:00Z,2019-07-09T13:58:00Z,1,S208,GSM3933909,MCF7,SRP213890
SRR9660121,RNA-Seq,74,109740934,PRJNA553537,SAMN12237170,42614287,MCF7,GEO,Norm,public,"fastq,run.zq,sra","gs,ncbi,s3","gs.us-east1,ncbi.public,s3.us-east-1",SRX6420930,GSM3933910,Illumina HiSeq 4000,3,SINGLE,cDNA,TRANSCRIPTOMIC,Homo sapiens,E5,ILLUMINA,2021-09-10T00:00:00Z,2019-07-09T13:58:00Z,1,S209,GSM3933910,MCF7,SRP213890
SRR9660122,RNA-Seq,74,83863781,PRJNA553537,SAMN12237169,32578724,MCF7,GEO,Norm,public,"fastq,run.zq,sra","gs,ncbi,s3","gs.us-east1,ncbi.public,s3.us-east-1",SRX6420931,GSM3933911,Illumina HiSeq 4000,3,SINGLE,cDNA,TRANSCRIPTOMIC,Homo sapiens,E6,ILLUMINA,2021-09-10T00:00:00Z,2019-07-09T13:58:00Z,1,S210,GSM3933911,MCF7,SRP213890
SRR9660123,RNA-Seq,73,5493238,PRJNA553537,SAMN12237212,2204837,MCF7,GEO,hypoxia,public,"fastq,run.zq,sra","gs,ncbi,s3","gs.us-east1,ncbi.public,s3.us-east-1",SRX6420932,GSM3933912,Illumina HiSeq 4000,3,SINGLE,cDNA,TRANSCRIPTOMIC,Homo sapiens,E7,ILLUMINA,2021-09-10T00:00:00Z,2019-07-09T13:58:00Z,1,S229,GSM3933912,MCF7,SRP213890
